{"v":{"0":183226.0,"1":51602.0,"2":94293.0,"3":3191.0,"4":118298.0,"5":66353.0,"6":89523.0,"7":95754.0,"8":98829.0,"9":44501.0,"10":153808.0,"11":76986.0,"12":94951.0,"13":18602.0,"14":129349.0,"15":62877.0,"16":94135.0,"17":134045.0,"18":6651.0},"vw":{"0":45.7281,"1":46.5167,"2":45.9725,"3":45.1853,"4":44.8032,"5":44.2465,"6":44.1041,"7":42.8929,"8":42.2942,"9":42.1848,"10":41.468,"11":42.7644,"12":43.0418,"13":41.7906,"14":42.1249,"15":42.4784,"16":41.5472,"17":42.0303,"18":42.22},"o":{"0":45.8,"1":46.16,"2":46.55,"3":45.67,"4":44.28,"5":44.34,"6":44.22,"7":44.2,"8":42.4,"9":42.46,"10":41.78,"11":42.11,"12":42.95,"13":42.45,"14":41.745,"15":42.33,"16":42.19,"17":41.5,"18":42.22},"c":{"0":45.99,"1":46.51,"2":45.45,"3":44.41,"4":44.84,"5":44.22,"6":44.17,"7":42.46,"8":42.2,"9":41.71,"10":41.78,"11":42.905,"12":42.85,"13":41.76,"14":42.21,"15":42.23,"16":40.78,"17":42.24,"18":42.22},"h":{"0":46.015,"1":46.92,"2":46.69,"3":45.67,"4":45.08,"5":44.76,"6":44.3,"7":44.38,"8":42.54,"9":42.68,"10":41.89,"11":43.035,"12":43.27,"13":42.45,"14":42.31,"15":42.84,"16":42.22,"17":42.52,"18":42.22},"l":{"0":45.38,"1":45.98,"2":45.45,"3":44.41,"4":44.28,"5":43.92,"6":43.81,"7":42.24,"8":42.06,"9":41.68,"10":40.9,"11":41.795,"12":42.83,"13":41.55,"14":41.745,"15":41.95,"16":40.78,"17":40.645,"18":42.22},"t":{"0":1663685100000,"1":1663758000000,"2":1663782300000,"3":1663830900000,"4":1663855200000,"5":1663928100000,"6":1663952400000,"7":1664195400000,"8":1664219700000,"9":1664268300000,"10":1664292600000,"11":1664365500000,"12":1664389800000,"13":1664438400000,"14":1664462700000,"15":1664535600000,"16":1664559900000,"17":1664802900000,"18":1664827200000},"n":{"0":4197,"1":1435,"2":2387,"3":27,"4":3137,"5":1646,"6":2841,"7":3026,"8":2420,"9":1265,"10":4393,"11":2260,"12":2522,"13":510,"14":3210,"15":1920,"16":2583,"17":4208,"18":20},"sma_20":{"0":47.20815,"1":47.22865,"2":47.13865,"3":46.93715,"4":46.74415,"5":46.52665,"6":46.30315,"7":46.01465,"8":45.70015,"9":45.38965,"10":45.15965,"11":44.9739,"12":44.7554,"13":44.4999,"14":44.2674,"15":44.0514,"16":43.7735,"17":43.5605,"18":43.3375},"sma_50":{"0":47.34621028,"1":47.29671028,"2":47.23071028,"3":47.14791028,"4":47.06631028,"5":46.97851028,"6":46.87971028,"7":46.75391028,"8":46.62291028,"9":46.50691028,"10":46.40071028,"11":46.31531028,"12":46.22651028,"13":46.10871028,"14":45.98851028,"15":45.85011028,"16":45.68531028,"17":45.55271028,"18":45.45391028},"sma_100":{"0":47.01392514,"1":46.98422514,"2":46.93532514,"3":46.87987514,"4":46.83377514,"5":46.80137514,"6":46.76837514,"7":46.71027514,"8":46.65587514,"9":46.60387514,"10":46.55627514,"11":46.50642514,"12":46.45412514,"13":46.38532514,"14":46.32010514,"15":46.26430514,"16":46.19640514,"17":46.14400514,"18":46.09350514},"rsi":{"0":41.5407560472,"1":46.7808481687,"2":39.0890475077,"3":33.3033013727,"4":37.4272150884,"5":34.1486301695,"6":33.890794103,"7":26.5168066908,"8":25.6045851738,"9":23.9335211032,"10":24.6896859083,"11":35.7449599139,"12":35.4708144508,"13":30.4813993079,"14":34.5731147668,"15":34.7569128893,"16":28.5048153206,"17":40.1740796349,"18":40.0775790408},"upper_bb":{"0":49.1941346053,"1":49.1745310777,"2":49.2406186286,"3":49.2734433553,"4":49.1048896053,"5":48.9788741054,"6":48.7591703389,"7":48.8447356059,"8":48.7606132793,"9":48.7474665384,"10":48.8459462885,"11":48.7241973861,"12":48.463672709,"13":48.2977912099,"14":48.0260766652,"15":47.753858779,"16":47.5860252027,"17":47.2039034118,"18":46.7130911763},"lower_bb":{"0":45.2221653947,"1":45.2827689223,"2":45.0366813714,"3":44.6008566447,"4":44.3834103947,"5":44.0744258946,"6":43.8471296611,"7":43.1845643941,"8":42.6396867207,"9":42.0318334616,"10":41.4733537115,"11":41.2236026139,"12":41.047127291,"13":40.7020087901,"14":40.5087233348,"15":40.348941221,"16":39.9609747973,"17":39.9170965882,"18":39.9619088237},"e26":{"0":46.8746904178,"1":46.8476763127,"2":46.744144734,"3":46.5712451241,"4":46.4430047445,"5":46.2783377264,"6":46.1221645615,"7":45.8508931125,"8":45.5804565856,"9":45.2937560978,"10":45.0334778684,"11":44.8758128411,"12":44.7257526306,"13":44.5060672506,"14":44.335988195,"15":44.1799890694,"16":43.9281380272,"17":43.803090766,"18":43.6858247833},"e12":{"0":46.6108224787,"1":46.5953113281,"2":46.4191095853,"3":46.110015803,"4":45.9146287563,"5":45.65391664,"6":45.4256217723,"7":44.9693722689,"8":44.5433149967,"9":44.1074203818,"10":43.7493557077,"11":43.6194548296,"12":43.5010771635,"13":43.2332191384,"14":43.0758008094,"15":42.9456776079,"16":42.6124964375,"17":42.5551892933,"18":42.5036217097},"MACD":{"0":-0.2638679391,"1":-0.2523649847,"2":-0.3250351487,"3":-0.4612293211,"4":-0.5283759882,"5":-0.6244210864,"6":-0.6965427892,"7":-0.8815208436,"8":-1.0371415889,"9":-1.186335716,"10":-1.2841221606,"11":-1.2563580115,"12":-1.2246754671,"13":-1.2728481122,"14":-1.2601873856,"15":-1.2343114615,"16":-1.3156415898,"17":-1.2479014727,"18":-1.1822030736},"e9":{"0":-0.1074604126,"1":-0.136441327,"2":-0.1741600914,"3":-0.2315739373,"4":-0.2909343475,"5":-0.3576316953,"6":-0.4254139141,"7":-0.5166353,"8":-0.6207365578,"9":-0.7338563894,"10":-0.8439095437,"11":-0.9263992372,"12":-0.9860544832,"13":-1.043413209,"14":-1.0867680443,"15":-1.1162767277,"16":-1.1561497002,"17":-1.1745000547,"18":-1.1760406585},"HIST":{"0":-0.1564075265,"1":-0.1159236576,"2":-0.1508750574,"3":-0.2296553838,"4":-0.2374416407,"5":-0.2667893912,"6":-0.2711288751,"7":-0.3648855437,"8":-0.4164050311,"9":-0.4524793266,"10":-0.440212617,"11":-0.3299587742,"12":-0.2386209839,"13":-0.2294349032,"14":-0.1734193413,"15":-0.1180347337,"16":-0.1594918896,"17":-0.073401418,"18":-0.0061624152}}