{"v":{"0":95662.4,"1":261.5,"2":314.9,"3":122629.9,"4":149.0,"5":20.1,"6":74265.3,"7":78273.7,"8":69358.4,"9":126285.3999999999,"10":60.0,"11":209968.3,"12":10.0,"13":393.3,"14":141839.3,"15":52888.6,"16":90158.2,"17":88753.7999999999,"18":57703.6,"19":104873.2,"20":25.9,"21":123.4,"22":82840.4,"23":50255.2,"24":76.1,"25":135892.1,"26":1055.3,"27":75856.1,"28":36630.9,"29":58182.1,"30":64226.7,"31":25.8,"32":52.9,"33":106717.8,"34":210.0,"35":88150.9000000001,"36":20748.8,"37":53830.9,"38":62266.9,"39":22508.2,"40":80795.7,"41":247.5,"42":15.4,"43":100880.2,"44":18048.0,"45":75.1,"46":44395.4,"47":32128.9,"48":677.7,"49":48393.8,"50":34503.1,"51":33246.2,"52":46179.1,"53":500.0,"54":129.6,"55":131198.5,"56":45.0,"57":20.0,"58":60549.9,"59":23616.5,"60":36252.7},"vw":{"0":16.9585,"1":17.4742,"2":17.641,"3":17.2393,"4":17.201,"5":17.605,"6":17.5196,"7":17.7096,"8":16.5799,"9":16.7768,"10":17.6583,"11":17.8888,"12":17.3,"13":18.0148,"14":19.2812,"15":19.5586,"16":19.807,"17":20.2382,"18":19.3104,"19":19.8283,"20":19.4,"21":20.3545,"22":19.8857,"23":19.3652,"24":19.5689,"25":17.8683,"26":17.445,"27":17.532,"28":17.271,"29":16.6577,"30":16.4554,"31":16.503,"32":16.3622,"33":16.3513,"34":16.2238,"35":15.99,"36":16.1004,"37":15.7341,"38":16.2161,"39":16.6071,"40":16.0761,"41":16.0,"42":16.003,"43":17.0381,"44":17.5529,"45":17.7123,"46":17.5243,"47":17.534,"48":17.1444,"49":16.7898,"50":16.4647,"51":16.4606,"52":16.6701,"53":17.1,"54":16.5999,"55":16.385,"56":16.6667,"57":16.7,"58":16.2956,"59":16.6313,"60":16.8946},"o":{"0":16.7,"1":17.7,"2":17.9,"3":17.5,"4":17.2,"5":17.6,"6":17.8,"7":17.8,"8":17.0,"9":16.55,"10":17.7,"11":17.3,"12":17.3,"13":17.9,"14":18.0,"15":19.7,"16":19.1,"17":20.4,"18":20.0,"19":18.9,"20":19.4,"21":20.5,"22":20.5,"23":19.75,"24":19.9,"25":19.8,"26":17.4,"27":18.499,"28":17.5,"29":18.5,"30":16.35,"31":16.5,"32":16.4,"33":16.4,"34":16.2,"35":16.5,"36":15.95,"37":16.0,"38":16.1,"39":16.6,"40":16.75,"41":16.0,"42":16.0,"43":16.0,"44":17.6,"45":18.0,"46":17.0,"47":17.35,"48":17.6,"49":17.3,"50":16.6,"51":16.7,"52":16.7,"53":17.1,"54":17.588,"55":16.1,"56":16.8,"57":16.7,"58":16.7,"59":16.4,"60":17.0},"c":{"0":17.1,"1":17.9,"2":17.6,"3":17.4,"4":17.2,"5":17.6,"6":17.8,"7":17.6,"8":16.55,"9":17.0,"10":17.6,"11":17.9,"12":17.3,"13":18.0,"14":19.7,"15":19.207,"16":20.4,"17":19.7,"18":18.95,"19":20.0,"20":19.4,"21":20.3,"22":19.75,"23":20.0,"24":19.5,"25":17.45,"26":17.5,"27":17.5,"28":18.0,"29":16.35,"30":16.4,"31":16.5,"32":16.4,"33":16.1,"34":16.7,"35":16.0,"36":16.4,"37":16.15,"38":16.7,"39":16.75,"40":16.5,"41":16.0,"42":16.0,"43":17.55,"44":17.7,"45":17.0,"46":17.35,"47":17.8,"48":17.1,"49":16.65,"50":16.3,"51":16.75,"52":17.0,"53":17.1,"54":16.2,"55":16.8,"56":16.2,"57":16.7,"58":16.4,"59":17.0,"60":16.75},"h":{"0":17.3,"1":17.9,"2":18.199,"3":17.8,"4":17.2,"5":17.6,"6":18.1,"7":18.1,"8":18.0,"9":17.6,"10":17.7,"11":18.6,"12":17.3,"13":18.1,"14":19.8,"15":19.8,"16":20.75,"17":20.7,"18":20.4,"19":20.2,"20":19.4,"21":20.5,"22":20.7,"23":20.0,"24":19.9,"25":19.8,"26":18.1,"27":18.499,"28":18.3,"29":18.5,"30":16.699,"31":16.5,"32":16.4,"33":16.8,"34":16.7,"35":16.899,"36":16.5,"37":16.3,"38":16.8,"39":17.0,"40":17.0,"41":16.0,"42":16.0,"43":17.65,"44":17.9,"45":18.0,"46":18.0,"47":17.8,"48":17.6,"49":17.6,"50":17.1,"51":16.8,"52":17.2,"53":17.1,"54":17.588,"55":16.9,"56":16.8,"57":16.7,"58":16.8,"59":17.0,"60":17.5},"l":{"0":16.65,"1":17.0,"2":17.1,"3":16.6,"4":17.2,"5":17.6,"6":17.1,"7":17.3,"8":16.1,"9":16.4,"10":17.6,"11":17.1,"12":17.3,"13":17.9,"14":17.9,"15":19.207,"16":18.2,"17":19.7,"18":18.6,"19":18.85,"20":19.4,"21":20.2,"22":19.2,"23":19.3,"24":19.5,"25":17.2,"26":17.3,"27":17.2,"28":17.2,"29":16.3,"30":16.2,"31":16.5,"32":16.3,"33":16.0,"34":16.2,"35":15.7,"36":15.7,"37":15.2,"38":15.9,"39":16.0,"40":15.7,"41":16.0,"42":16.0,"43":15.7,"44":17.0,"45":17.0,"46":16.5,"47":17.2,"48":17.1,"49":16.4,"50":16.3,"51":16.1,"52":16.4,"53":17.1,"54":16.2,"55":15.8,"56":16.2,"57":16.7,"58":15.9,"59":16.4,"60":16.6},"t":{"0":1655133300000,"1":1655159400000,"2":1655185500000,"3":1655211600000,"4":1655237700000,"5":1655263800000,"6":1655289900000,"7":1655316000000,"8":1655368200000,"9":1655394300000,"10":1655446500000,"11":1655472600000,"12":1655498700000,"13":1655785800000,"14":1655811900000,"15":1655838000000,"16":1655890200000,"17":1655916300000,"18":1655968500000,"19":1655994600000,"20":1656020700000,"21":1656046800000,"22":1656072900000,"23":1656099000000,"24":1656307800000,"25":1656333900000,"26":1656360000000,"27":1656412200000,"28":1656438300000,"29":1656490500000,"30":1656516600000,"31":1656542700000,"32":1656568800000,"33":1656594900000,"34":1656621000000,"35":1656673200000,"36":1656699300000,"37":1657012500000,"38":1657038600000,"39":1657090800000,"40":1657116900000,"41":1657143000000,"42":1657169100000,"43":1657195200000,"44":1657221300000,"45":1657247400000,"46":1657273500000,"47":1657299600000,"48":1657508400000,"49":1657534500000,"50":1657560600000,"51":1657612800000,"52":1657638900000,"53":1657665000000,"54":1657691100000,"55":1657717200000,"56":1657743300000,"57":1657769400000,"58":1657795500000,"59":1657821600000,"60":1657873800000},"n":{"0":4296,"1":15,"2":23,"3":6140,"4":8,"5":4,"6":3711,"7":4138,"8":3014,"9":5965,"10":4,"11":10226,"12":1,"13":13,"14":6198,"15":2276,"16":3043,"17":4192,"18":2221,"19":5298,"20":1,"21":8,"22":4242,"23":1284,"24":5,"25":6330,"26":27,"27":3405,"28":2371,"29":2380,"30":4193,"31":4,"32":4,"33":5481,"34":2,"35":3380,"36":1115,"37":2670,"38":3105,"39":1016,"40":3944,"41":3,"42":2,"43":4272,"44":1080,"45":6,"46":2049,"47":1976,"48":8,"49":2389,"50":1657,"51":1340,"52":3499,"53":3,"54":9,"55":5815,"56":5,"57":1,"58":2230,"59":1402,"60":1551},"sma_20":{"0":19.7692,"1":19.6242,"2":19.4892,"3":19.2967,"4":19.1117,"5":18.9517,"6":18.8067,"7":18.65095,"8":18.38845,"9":18.23095,"10":18.1125,"11":18.0075,"12":17.8825,"13":17.7975,"14":17.7975,"15":17.79035,"16":17.85035,"17":17.93035,"18":17.95785,"19":18.12535,"20":18.24035,"21":18.36035,"22":18.46785,"23":18.59785,"24":18.71285,"25":18.70535,"26":18.69035,"27":18.68535,"28":18.75785,"29":18.72535,"30":18.66535,"31":18.59535,"32":18.55035,"33":18.45535,"34":18.30535,"35":18.145,"36":17.945,"37":17.7675,"38":17.655,"39":17.4925,"40":17.3475,"41":17.1325,"42":16.945,"43":16.8225,"44":16.7325,"45":16.71,"46":16.7025,"47":16.7175,"48":16.6725,"49":16.6875,"50":16.6825,"51":16.695,"52":16.725,"53":16.775,"54":16.75,"55":16.79,"56":16.78,"57":16.8075,"58":16.7925,"59":16.805,"60":16.8175},"sma_50":{"0":22.11782,"1":21.95582,"2":21.75784,"3":21.59384,"4":21.42184,"5":21.23184,"6":21.06684,"7":20.89086,"8":20.71286,"9":20.53886,"10":20.43086,"11":20.29686,"12":20.15886,"13":20.01286,"14":19.94286,"15":19.857,"16":19.761,"17":19.691,"18":19.61,"19":19.582,"20":19.54602,"21":19.52902,"22":19.50602,"23":19.48602,"24":19.45402,"25":19.36302,"26":19.28302,"27":19.18482,"28":19.09882,"29":18.97882,"30":18.85882,"31":18.77282,"32":18.69482,"33":18.59182,"34":18.50782,"35":18.41182,"36":18.32582,"37":18.23452,"38":18.13252,"39":18.06452,"40":17.99514,"41":17.91514,"42":17.83914,"43":17.79614,"44":17.75614,"45":17.70914,"46":17.67214,"47":17.66614,"48":17.64014,"49":17.64014,"50":17.62414,"51":17.60114,"52":17.58914,"53":17.58314,"54":17.56314,"55":17.54714,"56":17.51514,"57":17.49714,"58":17.49414,"59":17.49414,"60":17.47714},"sma_100":{"0":27.27748,"1":27.07148,"2":26.85598,"3":26.63882,"4":26.42482,"5":26.21282,"6":26.01282,"7":25.83232,"8":25.64782,"9":25.46982,"10":25.27882,"11":25.12582,"12":24.93932,"13":24.76332,"14":24.61232,"15":24.47439,"16":24.34839,"17":24.20539,"18":24.06589,"19":23.93389,"20":23.79139,"21":23.65439,"22":23.50039,"23":23.33739,"24":23.16939,"25":23.01196,"26":22.82796,"27":22.65097,"28":22.46597,"29":22.29947,"30":22.15347,"31":21.99947,"32":21.81947,"33":21.66548,"34":21.52548,"35":21.38048,"36":21.24448,"37":21.10398,"38":20.96998,"39":20.84998,"40":20.73598,"41":20.62398,"42":20.51848,"43":20.43198,"44":20.35848,"45":20.29148,