{"v":{"0":185543.2000000001,"1":281.0,"2":128.1,"3":134034.2000000001,"4":26240.8,"5":74913.7,"6":82369.5,"7":68138.8,"8":88707.5,"9":160899.7,"10":95662.4,"11":261.5,"12":314.9,"13":122629.9,"14":149.0,"15":20.1,"16":74265.3,"17":78273.7,"18":69358.4,"19":126285.3999999999,"20":60.0,"21":209968.3,"22":10.0,"23":393.3,"24":141839.3,"25":52888.6,"26":90158.2,"27":88753.7999999999,"28":57703.6,"29":104873.2,"30":25.9,"31":123.4,"32":82840.4,"33":50255.2,"34":76.1,"35":135892.1,"36":1055.3,"37":75856.1,"38":36630.9,"39":58182.1,"40":64226.7,"41":25.8,"42":52.9,"43":106717.8,"44":210.0,"45":88150.9000000001,"46":20748.8,"47":53830.9,"48":62266.9,"49":22508.2,"50":80795.7,"51":247.5,"52":15.4,"53":100880.2,"54":18048.0,"55":75.1,"56":44395.4,"57":32128.9,"58":677.7,"59":48393.8,"60":34503.1,"61":33246.2,"62":46179.1,"63":500.0,"64":129.6,"65":131198.5,"66":45.0,"67":20.0,"68":60549.9,"69":23616.5,"70":36252.7},"vw":{"0":19.5939,"1":19.8459,"2":19.7104,"3":19.8517,"4":19.6461,"5":19.2141,"6":19.0651,"7":18.1274,"8":18.119,"9":16.5628,"10":16.9585,"11":17.4742,"12":17.641,"13":17.2393,"14":17.201,"15":17.605,"16":17.5196,"17":17.7096,"18":16.5799,"19":16.7768,"20":17.6583,"21":17.8888,"22":17.3,"23":18.0148,"24":19.2812,"25":19.5586,"26":19.807,"27":20.2382,"28":19.3104,"29":19.8283,"30":19.4,"31":20.3545,"32":19.8857,"33":19.3652,"34":19.5689,"35":17.8683,"36":17.445,"37":17.532,"38":17.271,"39":16.6577,"40":16.4554,"41":16.503,"42":16.3622,"43":16.3513,"44":16.2238,"45":15.99,"46":16.1004,"47":15.7341,"48":16.2161,"49":16.6071,"50":16.0761,"51":16.0,"52":16.003,"53":17.0381,"54":17.5529,"55":17.7123,"56":17.5243,"57":17.534,"58":17.1444,"59":16.7898,"60":16.4647,"61":16.4606,"62":16.6701,"63":17.1,"64":16.5999,"65":16.385,"66":16.6667,"67":16.7,"68":16.2956,"69":16.6313,"70":16.8946},"o":{"0":20.15,"1":20.0,"2":19.2,"3":19.9,"4":19.7,"5":19.6,"6":19.32,"7":19.0,"8":18.15,"9":17.6,"10":16.7,"11":17.7,"12":17.9,"13":17.5,"14":17.2,"15":17.6,"16":17.8,"17":17.8,"18":17.0,"19":16.55,"20":17.7,"21":17.3,"22":17.3,"23":17.9,"24":18.0,"25":19.7,"26":19.1,"27":20.4,"28":20.0,"29":18.9,"30":19.4,"31":20.5,"32":20.5,"33":19.75,"34":19.9,"35":19.8,"36":17.4,"37":18.499,"38":17.5,"39":18.5,"40":16.35,"41":16.5,"42":16.4,"43":16.4,"44":16.2,"45":16.5,"46":15.95,"47":16.0,"48":16.1,"49":16.6,"50":16.75,"51":16.0,"52":16.0,"53":16.0,"54":17.6,"55":18.0,"56":17.0,"57":17.35,"58":17.6,"59":17.3,"60":16.6,"61":16.7,"62":16.7,"63":17.1,"64":17.588,"65":16.1,"66":16.8,"67":16.7,"68":16.7,"69":16.4,"70":17.0},"c":{"0":19.969,"1":20.0,"2":19.8,"3":19.7,"4":19.7,"5":19.35,"6":19.2,"7":18.1,"8":18.4,"9":16.65,"10":17.1,"11":17.9,"12":17.6,"13":17.4,"14":17.2,"15":17.6,"16":17.8,"17":17.6,"18":16.55,"19":17.0,"20":17.6,"21":17.9,"22":17.3,"23":18.0,"24":19.7,"25":19.207,"26":20.4,"27":19.7,"28":18.95,"29":20.0,"30":19.4,"31":20.3,"32":19.75,"33":20.0,"34":19.5,"35":17.45,"36":17.5,"37":17.5,"38":18.0,"39":16.35,"40":16.4,"41":16.5,"42":16.4,"43":16.1,"44":16.7,"45":16.0,"46":16.4,"47":16.15,"48":16.7,"49":16.75,"50":16.5,"51":16.0,"52":16.0,"53":17.55,"54":17.7,"55":17.0,"56":17.35,"57":17.8,"58":17.1,"59":16.65,"60":16.3,"61":16.75,"62":17.0,"63":17.1,"64":16.2,"65":16.8,"66":16.2,"67":16.7,"68":16.4,"69":17.0,"70":16.75},"h":{"0":20.3,"1":20.0,"2":19.9,"3":20.4,"4":19.8,"5":19.7,"6":19.5,"7":19.2,"8":19.0,"9":18.2,"10":17.3,"11":17.9,"12":18.199,"13":17.8,"14":17.2,"15":17.6,"16":18.1,"17":18.1,"18":18.0,"19":17.6,"20":17.7,"21":18.6,"22":17.3,"23":18.1,"24":19.8,"25":19.8,"26":20.75,"27":20.7,"28":20.4,"29":20.2,"30":19.4,"31":20.5,"32":20.7,"33":20.0,"34":19.9,"35":19.8,"36":18.1,"37":18.499,"38":18.3,"39":18.5,"40":16.699,"41":16.5,"42":16.4,"43":16.8,"44":16.7,"45":16.899,"46":16.5,"47":16.3,"48":16.8,"49":17.0,"50":17.0,"51":16.0,"52":16.0,"53":17.65,"54":17.9,"55":18.0,"56":18.0,"57":17.8,"58":17.6,"59":17.6,"60":17.1,"61":16.8,"62":17.2,"63":17.1,"64":17.588,"65":16.9,"66":16.8,"67":16.7,"68":16.8,"69":17.0,"70":17.5},"l":{"0":19.2,"1":19.7,"2":19.0,"3":18.9,"4":19.55,"5":18.9,"6":18.8,"7":17.85,"8":17.8,"9":16.1,"10":16.65,"11":17.0,"12":17.1,"13":16.6,"14":17.2,"15":17.6,"16":17.1,"17":17.3,"18":16.1,"19":16.4,"20":17.6,"21":17.1,"22":17.3,"23":17.9,"24":17.9,"25":19.207,"26":18.2,"27":19.7,"28":18.6,"29":18.85,"30":19.4,"31":20.2,"32":19.2,"33":19.3,"34":19.5,"35":17.2,"36":17.3,"37":17.2,"38":17.2,"39":16.3,"40":16.2,"41":16.5,"42":16.3,"43":16.0,"44":16.2,"45":15.7,"46":15.7,"47":15.2,"48":15.9,"49":16.0,"50":15.7,"51":16.0,"52":16.0,"53":15.7,"54":17.0,"55":17.0,"56":16.5,"57":17.2,"58":17.1,"59":16.4,"60":16.3,"61":16.1,"62":16.4,"63":17.1,"64":16.2,"65":15.8,"66":16.2,"67":16.7,"68":15.9,"69":16.4,"70":16.6},"t":{"0":1654611300000,"1":1654637400000,"2":1654663500000,"3":1654689600000,"4":1654715700000,"5":1654767900000,"6":1654794000000,"7":1654846200000,"8":1654872300000,"9":1655107200000,"10":1655133300000,"11":1655159400000,"12":1655185500000,"13":1655211600000,"14":1655237700000,"15":1655263800000,"16":1655289900000,"17":1655316000000,"18":1655368200000,"19":1655394300000,"20":1655446500000,"21":1655472600000,"22":1655498700000,"23":1655785800000,"24":1655811900000,"25":1655838000000,"26":1655890200000,"27":1655916300000,"28":1655968500000,"29":1655994600000,"30":1656020700000,"31":1656046800000,"32":1656072900000,"33":1656099000000,"34":1656307800000,"35":1656333900000,"36":1656360000000,"37":1656412200000,"38":1656438300000,"39":1656490500000,"40":1656516600000,"41":1656542700000,"42":1656568800000,"43":1656594900000,"44":1656621000000,"45":1656673200000,"46":1656699300000,"47":1657012500000,"48":1657038600000,"49":1657090800000,"50":1657116900000,"51":1657143000000,"52":1657169100000,"53":1657195200000,"54":1657221300000,"55":1657247400000,"56":1657273500000,"57":1657299600000,"58":1657508400000,"59":1657534500000,"60":1657560600000,"61":1657612800000,"62":1657638900000,"63":1657665000000,"64":1657691100000,"65":1657717200000,"66":1657743300000,"67":1657769400000,"68":1657795500000,"69":1657821600000,"70":1657873800000},"n":{"0":8895,"1":8,"2":12,"3":7167,"4":1403,"5":3362,"6":4264,"7":1892,"8":3962,"9":4001,"10":4296,"11":15,"12":23,"13":6140,"14":8,"15":4,"16":3711,"17":4138,"18":3014,"19":5965,"20":4,"21":10226,"22":1,"23":13,"24":6198,"25":2276,"26":3043,"27":4192,"28":2221,"29":5298,"30":1,"31":8,"32":4242,"33":1284,"34":5,"35":6330,"36":27,"37":3405,"38":2371,"39":2380,"40":4193,"41":4,"42":4,"43":5481,"44":2,"45":3380,"46":1115,"47":2670,"48":3105,"49":1016,"50":3944,"51":3,"52":2,"53":4272,"54":1080,"55":6,"56":2049,"57":1976,"58":8,"59":2389,"60":1657,"61":1340,"62":3499,"63":3,"64":9,"65":5815,"66":5,"67":1,"68":2230,"69":1402,"70":1551}}