{"v":{"0":99927.9,"1":398.2,"2":600.5,"3":138443.2,"4":120.7,"5":68997.3,"6":31248.7,"7":17.8,"8":83302.9,"9":34569.1,"10":1225.3,"11":94368.8,"12":2030.0,"13":85292.2,"14":44183.8,"15":24.4,"16":44786.8,"17":92265.3,"18":82016.7,"19":136045.5000000001,"20":972.7,"21":15399.3,"22":125938.8000000001,"23":320.0,"24":60867.1,"25":32524.6,"26":75210.2,"27":125906.8,"28":309.0,"29":12411.0,"30":107103.8000000001,"31":40.0,"32":70.4,"33":50852.2,"34":148.4,"35":132931.1,"36":12635.5,"37":19596.5,"38":80379.9,"39":50.0,"40":973.7,"41":115829.1,"42":665.9,"43":118012.9000000001,"44":46020.7,"45":119745.2,"46":57050.4,"47":24248.3,"48":115830.6,"49":100.0,"50":67060.4,"51":12775.3,"52":50153.4,"53":72729.6,"54":128075.7,"55":127462.7999999999,"56":76.1,"57":35196.9,"58":66738.6,"59":45.5,"60":2074.5,"61":236400.5000000001,"62":673.0,"63":168935.0000000001,"64":111841.9,"65":60.6,"66":69006.2,"67":70174.9,"68":15.0,"69":877.5,"70":125117.9000000001,"71":269.6,"72":20.0,"73":137385.6000000001,"74":58363.3,"75":246516.4,"76":111262.3,"77":4965.4},"vw":{"0":101.8095,"1":99.7272,"2":101.9666,"3":93.8904,"4":92.6829,"5":92.2433,"6":89.6409,"7":91.0,"8":92.4101,"9":95.0842,"10":94.5965,"11":95.7433,"12":95.3131,"13":99.6386,"14":101.4286,"15":97.0,"16":94.1846,"17":90.1715,"18":86.3698,"19":83.2464,"20":82.4528,"21":81.9483,"22":79.4371,"23":79.2144,"24":79.1921,"25":78.7882,"26":78.9932,"27":76.2031,"28":79.3891,"29":76.7938,"30":75.0719,"31":74.8,"32":73.9707,"33":73.829,"34":73.0256,"35":74.0117,"36":74.0151,"37":70.8798,"38":71.9086,"39":73.9,"40":75.1028,"41":78.4413,"42":78.3892,"43":70.6029,"44":69.8302,"45":66.5307,"46":68.6833,"47":66.8784,"48":65.3459,"49":64.95,"50":64.9527,"51":63.8463,"52":65.118,"53":63.8997,"54":68.3118,"55":67.9047,"56":69.909,"57":68.2101,"58":67.2227,"59":67.4589,"60":69.438,"61":72.501,"62":73.2656,"63":78.2705,"64":79.6359,"65":79.0875,"66":78.5443,"67":77.8854,"68":78.96,"69":78.967,"70":76.0633,"71":76.5498,"72":75.1,"73":72.769,"74":71.4477,"75":74.6348,"76":78.7007,"77":84.2318},"o":{"0":106.8,"1":99.601,"2":100.9,"3":101.1,"4":92.1,"5":97.8,"6":90.2,"7":91.0,"8":90.6,"9":94.2,"10":95.0,"11":94.891,"12":95.3,"13":96.5,"14":101.55,"15":97.0,"16":98.4,"17":93.4,"18":90.1,"19":84.65,"20":82.2,"21":81.1,"22":81.0,"23":79.8,"24":80.3,"25":78.4,"26":78.1,"27":77.85,"28":79.5,"29":77.9,"30":76.5,"31":74.5,"32":74.1,"33":75.0,"34":72.7,"35":74.0,"36":74.8,"37":73.0,"38":70.0,"39":73.9,"40":74.4,"41":75.5,"42":78.5,"43":76.7,"44":69.766,"45":70.0,"46":67.9,"47":69.5,"48":66.1,"49":65.0,"50":66.0,"51":64.3,"52":66.0,"53":64.29,"54":67.3,"55":68.8,"56":69.8,"57":68.0,"58":68.49,"59":67.5,"60":71.0,"61":69.4,"62":72.7,"63":74.6,"64":79.1,"65":79.0,"66":79.0,"67":77.9,"68":79.0,"69":79.0,"70":77.5,"71":76.7,"72":75.1,"73":74.9,"74":72.0,"75":71.8,"76":77.8,"77":87.3},"c":{"0":99.6,"1":100.1,"2":100.0,"3":91.601,"4":92.7,"5":90.0,"6":90.4,"7":91.0,"8":94.1,"9":94.0,"10":93.5,"11":95.0,"12":96.3,"13":101.5,"14":99.7,"15":97.0,"16":93.7,"17":88.5,"18":84.65,"19":82.3,"20":83.0,"21":81.15,"22":79.4,"23":78.6,"24":77.8,"25":81.0,"26":77.35,"27":78.0,"28":78.9,"29":76.2,"30":75.1,"31":75.1,"32":73.9,"33":73.2,"34":74.2,"35":74.6,"36":73.1,"37":70.2,"38":73.2,"39":73.9,"40":76.0,"41":78.4,"42":78.9,"43":69.72,"44":70.4,"45":67.9,"46":69.4,"47":65.95,"48":64.3,"49":64.9,"50":64.5,"51":64.7,"52":64.3,"53":65.2,"54":69.0,"55":68.3,"56":70.0,"57":68.349,"58":66.3,"59":67.399,"60":69.3,"61":72.8,"62":73.3,"63":79.0,"64":79.5,"65":79.5,"66":77.499,"67":79.0,"68":79.0,"69":79.0,"70":76.3,"71":77.3,"72":75.1,"73":72.0,"74":71.6,"75":77.598,"76":80.0,"77":83.5},"h":{"0":108.099,"1":100.8,"2":102.3,"3":101.1,"4":92.7,"5":98.3,"6":90.8,"7":91.0,"8":94.5,"9":96.1,"10":95.5,"11":98.2,"12":97.101,"13":101.5,"14":101.901,"15":97.0,"16":99.4,"17":94.4,"18":90.3,"19":85.0,"20":83.4,"21":83.5,"22":82.0,"23":82.3,"24":84.4,"25":81.0,"26":82.715,"27":78.1,"28":79.5,"29":78.7,"30":77.798,"31":75.1,"32":74.1,"33":75.499,"34":74.2,"35":77.705,"36":74.9,"37":73.3,"38":74.0,"39":73.9,"40":76.3,"41":79.8,"42":78.9,"43":78.2,"44":70.5,"45":70.0,"46":69.7,"47":69.5,"48":66.396,"49":65.0,"50":66.1,"51":64.8,"52":66.899,"53":66.7,"54":69.238,"55":69.8,"56":70.0,"57":68.754,"58":68.7,"59":67.5,"60":71.0,"61":73.597,"62":73.5,"63":79.8,"64":80.699,"65":79.5,"66":81.2,"67":79.1,"68":79.0,"69":79.0,"70":79.1,"71":77.5,"72":75.1,"73":74.9,"74":72.8,"75":78.384,"76":80.8,"77":87.4},"l":{"0":99.3,"1":99.5,"2":100.0,"3":91.1,"4":92.1,"5":89.701,"6":88.7,"7":91.0,"8":87.5,"9":94.0,"10":93.5,"11":92.5,"12":95.1,"13":96.1,"14":98.4,"15":97.0,"16":92.3,"17":86.142,"18":84.0,"19":81.4,"20":82.2,"21":80.6,"22":77.7,"23":78.6,"24":76.3,"25":77.5,"26":76.9,"27":74.8,"28":78.9,"29":76.0,"30":73.4,"31":74.5,"32":73.9,"33":72.7,"34":72.7,"35":71.8,"36":73.1,"37":69.9,"38":69.6,"39":73.9,"40":74.4,"41":74.6,"42":78.0,"43":69.0,"44":69.5,"45":64.7,"46":67.4,"47":65.9,"48":64.0,"49":64.9,"50":63.841,"51":63.5,"52":63.75,"53":62.95,"54":66.1,"55":66.3,"56":69.8,"57":67.0,"58":66.226,"59":67.399,"60":68.9,"61":68.8,"62":72.7,"63":74.6,"64":78.368,"65":79.0,"66":76.883,"67":75.9,"68":79.0,"69":79.0,"70":74.6,"71":75.0,"72":75.1,"73":70.85,"74":70.3,"75":68.5,"76":76.0,"77":81.5},"t":{"0":1658239200000,"1":1658266200000,"2":1658293200000,"3":1658320200000,"4":1658347200000,"5":1658401200000,"6":1658428200000,"7":1658455200000,"8":1658482200000,"9":1658509200000,"10":1658725200000,"11":1658752200000,"12":1658779200000,"13":1658833200000,"14":1658860200000,"15":1658887200000,"16":1658914200000,"17":1658941200000,"18":1658995200000,"19":1659022200000,"20":1659049200000,"21":1659076200000,"22":1659103200000,"23":1659130200000,"24":1659346200000,"25":1659373200000,"26":1659427200000,"27":1659454200000,"28":1659481200000,"29":1659508200000,"30":1659535200000,"31":1659562200000,"32":1659589200000,"33":1659616200000,"34":1659643200000,"35":1659697200000,"36":1659724200000,"37":1659940200000,"38":1659967200000,"39":1659994200000,"40":1660021200000,"41":1660048200000,"42":1660075200000,"43":1660129200000,"44":1660156200000,"45":1660210200000,"46":1660237200000,"47":1660291200000,"48":1660318200000,"49":1660345200000,"50":1660561200000,"51":1660588200000,"52":1660642200000,"53":1660669200000,"54":1660723200000,"55":1660750200000,"56":1660777200000,"57":1660804200000,"58":1660831200000,"59":1660858200000,"60":1660885200000,"61":1660912200000,"62":1660939200000,"63":1661155200000,"64":1661182200000,"65":1661209200000,"66":1661236200000,"67":1661263200000,"68":1661290200000,"69":1661317200000,"70":1661344200000,"71":1661371200000,"72":1661398200000,"73":1661425200000,"74":1661452200000,"75":1661506200000,"76":1661533200000,"77":1661749200000},"n":{"0":3200,"1":12,"2":28,"3":3733,"4":8,"5":1899,"6":1001,"7":1,"8":1505,"9":993,"10":14,"11":2176,"12":25,"13":1991,"14":818,"15":2,"16":1121,"17":2269,"18":1578,"19":2742,"20":11,"21":513,"22":2714,"23":11,"24":1582,"25":909,"26":1301,"27":2668,"28":10,"29":248,"30":2348,"31":2,"32":9,"33":1413,"34":5,"35":2795,"36":397,"37":591,"38":2520,"39":2,"40":28,"41":2372,"42":12,"43":3124,"44":1046,"45":2413,"46":953,"47":670,"48":1822,"49":2,"50":1171,"51":472,"52":858,"53":1349,"54":1761,"55":2525,"56":12,"57":514,"58":1544,"59":2,"60":31,"61":4074,"62":25,"63":3547,"64":2794,"65":2,"66":1232,"67":2276,"68":2,"69":3,"70":2445,"71":7,"72":2,"73":2051,"74":975,"75":4530,"76":2671,"77":127}}