{"v":{"0":42863.533,"1":373.9666,"2":92.7666,"3":78543.2994,"4":2021.2333,"5":46557.2999,"6":23802.8663,"7":35.4333,"8":7013.9665,"9":35328.6664,"10":163.3334,"11":161.0,"12":51074.4993,"13":1551.4,"14":28.3333,"15":32050.7,"16":8960.8668,"17":29400.4996,"18":17095.3329,"19":513.7666,"20":43659.2338,"21":772.3,"22":33.3333,"23":55032.3989,"24":10311.6995,"25":25763.1336,"26":31470.8003,"27":30355.0998,"28":21894.7664,"29":708.1666,"30":3534.3666,"31":21935.1630999999,"32":101.7333,"33":12785.9999,"34":19242.6991,"35":59.3334,"36":2532.0333,"37":17091.3666,"38":200.3334,"39":97.9001,"40":15733.1332,"41":561.1666,"42":20516.2999,"43":50231.9664,"44":30593.9332,"45":33089.6977999999,"46":175.3666,"47":58.7334,"48":34516.1665,"49":539.1667,"50":273.3334,"51":11488.6328,"52":2987.1668,"53":11.1,"54":11506.1333,"55":9286.2331,"56":9778.2667,"57":20511.2,"58":535.6,"59":5.6667,"60":8095.5996,"61":2535.1667,"62":8062.533,"63":4984.433,"64":28116.3333,"65":17178.7333,"66":5.0,"67":4281.8334,"68":30527.6663,"69":1879.0001,"70":68.2999,"71":52782.6668,"72":2402.8,"73":7490.8001,"74":9646.8666,"75":1275.1666,"76":24792.8666,"77":69.4334,"78":22.5333,"79":22272.8661,"80":427.6665,"81":16633.7998,"82":3993.6998,"83":13231.2995,"84":7839.1332,"85":69.1333,"86":24607.4667,"87":26.6667},"vw":{"0":7.1584,"1":7.1376,"2":7.1067,"3":7.007,"4":6.9148,"5":6.7917,"6":6.6893,"7":6.6,"8":6.8062,"9":6.6389,"10":6.6148,"11":6.6402,"12":6.5523,"13":6.6957,"14":7.0924,"15":6.7208,"16":6.7282,"17":6.7898,"18":6.6223,"19":6.86,"20":6.7253,"21":6.7108,"22":6.9207,"23":6.4101,"24":6.4003,"25":6.1324,"26":6.1353,"27":5.8682,"28":5.8412,"29":5.9957,"30":5.9903,"31":5.9946,"32":5.8063,"33":5.8931,"34":5.9063,"35":5.871,"36":5.9939,"37":5.9511,"38":5.9568,"39":5.9767,"40":6.0125,"41":6.1659,"42":6.3984,"43":6.0012,"44":6.8913,"45":6.6813,"46":6.6,"47":6.7138,"48":6.1577,"49":6.3022,"50":6.0312,"51":6.2741,"52":6.3243,"53":6.594,"54":6.2549,"55":6.2659,"56":6.1087,"57":6.0515,"58":5.9988,"59":5.91,"60":5.9667,"61":5.9804,"62":6.0295,"63":5.9725,"64":5.852,"65":5.7594,"66":6.0,"67":5.7256,"68":5.6864,"69":5.5658,"70":5.6951,"71":5.4049,"72":5.2484,"73":5.4732,"74":5.3837,"75":5.3912,"76":5.1931,"77":5.3766,"78":5.1112,"79":5.37,"80":5.6816,"81":5.4676,"82":5.5285,"83":5.4782,"84":5.5948,"85":5.664,"86":5.3177,"87":5.376},"o":{"0":7.224,"1":7.08,"2":7.14,"3":7.293,"4":7.2,"5":6.9,"6":6.777,"7":6.6,"8":6.912,"9":6.729,"10":6.603,"11":6.591,"12":6.6,"13":6.72,"14":7.095,"15":7.05,"16":6.78,"17":6.6,"18":6.6,"19":6.669,"20":6.894,"21":6.885,"22":6.666,"23":7.02,"24":6.54,"25":6.18,"26":6.243,"27":6.114,"28":5.8844,"29":6.0,"30":5.874,"31":5.913,"32":5.763,"33":6.27,"34":5.793,"35":5.871,"36":6.0,"37":5.877,"38":5.88,"39":6.0,"40":6.0,"41":6.24,"42":5.85,"43":6.45,"44":6.51,"45":7.023,"46":6.6,"47":6.6,"48":6.3,"49":6.24,"50":6.114,"51":6.3,"52":6.3,"53":6.594,"54":6.594,"55":6.297,"56":6.0,"57":6.036,"58":6.0,"59":5.91,"60":5.91,"61":5.907,"62":5.997,"63":6.069,"64":5.934,"65":5.937,"66":6.0,"67":5.703,"68":5.706,"69":5.553,"70":5.76,"71":5.76,"72":5.4,"73":5.4,"74":5.448,"75":5.4,"76":5.382,"77":5.355,"78":5.13,"79":5.076,"80":5.7,"81":5.544,"82":5.547,"83":5.661,"84":5.517,"85":5.379,"86":5.661,"87":5.376},"c":{"0":7.035,"1":7.17,"2":6.993,"3":6.933,"4":6.9,"5":6.936,"6":6.603,"7":6.6,"8":6.837,"9":6.75,"10":6.75,"11":6.681,"12":6.642,"13":6.732,"14":7.092,"15":6.78,"16":6.882,"17":6.6,"18":7.02,"19":6.894,"20":6.864,"21":6.834,"22":6.9,"23":6.405,"24":6.15,"25":6.27,"26":6.294,"27":5.883,"28":5.91,"29":6.0,"30":5.982,"31":5.763,"32":6.066,"33":5.793,"34":5.871,"35":5.871,"36":5.874,"37":5.85,"38":6.0,"39":5.88,"40":6.003,"41":6.24,"42":6.504,"43":6.384,"44":7.059,"45":6.6,"46":6.6,"47":6.897,"48":6.09,"49":6.54,"50":5.88,"51":6.297,"52":6.591,"53":6.594,"54":6.285,"55":6.102,"56":6.033,"57":6.0,"58":6.0,"59":5.91,"60":5.88,"61":5.997,"62":6.042,"63":6.0,"64":5.916,"65":6.0,"66":6.0,"67":5.706,"68":5.766,"69":5.763,"70":5.709,"71":5.3994,"72":5.109,"73":5.448,"74":5.511,"75":5.394,"76":5.355,"77":5.4,"78":5.1,"79":5.46,"80":5.7,"81":5.526,"82":5.25,"83":5.403,"84":5.661,"85":5.745,"86":5.265,"87":5.376},"h":{"0":7.35,"1":7.17,"2":7.293,"3":7.416,"4":7.2,"5":7.197,"6":6.957,"7":6.6,"8":7.2,"9":6.903,"10":6.75,"11":6.681,"12":6.75,"13":6.75,"14":7.095,"15":7.05,"16":6.933,"17":7.05,"18":7.02,"19":6.9,"20":7.05,"21":6.9,"22":7.047,"23":7.02,"24":6.6,"25":6.537,"26":6.3,"27":6.3,"28":6.0,"29":6.0,"30":6.3,"31":6.066,"32":6.066,"33":6.3,"34":6.18,"35":5.871,"36":6.3,"37":6.117,"38":6.0,"39":6.0,"40":6.12,"41":6.276,"42":6.6,"43":6.543,"44":7.5,"45":7.05,"46":6.6,"47":6.897,"48":6.537,"49":6.555,"50":6.114,"51":6.6,"52":6.6,"53":6.594,"54":6.6,"55":6.6,"56":6.18,"57":6.336,"58":6.0,"59":5.91,"60":6.234,"61":5.997,"62":6.243,"63":6.147,"64":6.018,"65":6.0,"66":6.0,"67":5.826,"68":5.817,"69":5.766,"70":5.76,"71":5.76,"72":5.412,"73":5.649,"74":5.55,"75":5.544,"76":5.4,"77":5.4,"78":5.13,"79":5.487,"80":5.763,"81":5.7,"82":5.574,"83":5.661,"84":5.661,"85":5.745,"86":5.661,"87":5.376},"l":{"0":6.99,"1":6.99,"2":6.993,"3":6.9,"4":6.9,"5":6.498,"6":6.6,"7":6.6,"8":6.6,"9":6.4823,"10":6.555,"11":6.591,"12":6.36,"13":6.363,"14":7.092,"15":6.63,"16":6.6,"17":6.6,"18":6.6,"19":6.669,"20":6.513,"21":6.306,"22":6.666,"23":6.033,"24":6.15,"25":5.94,"26":6.0,"27":5.7,"28":5.745,"29":5.91,"30":5.715,"31":5.739,"32":5.76,"33":5.73,"34":5.703,"35":5.871,"36":5.7,"37":5.832,"38":5.88,"39":5.88,"40":5.925,"41":6.0,"42":5.85,"43":5.7,"44":6.003,"45":6.363,"46":6.6,"47":6.306,"48":6.003,"49":6.24,"50":5.88,"51":6.0,"52":6.006,"53":6.594,"54":6.0,"55":6.09,"56":6.0,"57":6.0,"58":5.94,"59":5.91,"60":5.853,"61":5.88,"62":5.85,"63":5.85,"64":5.715,"65":5.7,"66":6.0,"67":5.703,"68":5.55,"69":5.55,"70":5.55,"71":5.31,"72":5.106,"73":5.4,"74":5.169,"75":5.28,"76":5.076,"77":5.355,"78":5.1,"79":5.076,"80":5.487,"81":5.37,"82":5.25,"83":5.25,"84":5.403,"85":5.379,"86":5.1,"87":5.376},"t":{"0":1660831200000,"1":1660858200000,"2":1660885200000,"3":1660912200000,"4":1660939200000,"5":1661155200000,"6":1661182200000,"7":1661209200000,"8":1661236200000,"9":1661263200000,"10":1661290200000,"11":1661317200000,"12":1661344200000,"13":1661371200000,"14":1661398200000,"15":1661425200000,"16":1661452200000,"17":1661506200000,"18":1661533200000,"19":1661749200000,"20":1661776200000,"21":1661803200000,"22":1661830200000,"23":1661857200000,"24":1661884200000,"25":1661938200000,"26":1661965200000,"27":1662019200000,"28":1662046200000,"29":1662073200000,"30":1662100200000,"31":1662127200000,"32":1662154200000,"33":1662451200000,"34":1662478200000,"35":1662505200000,"36":1662532200000,"37":1662559200000,"38":1662586200000,"39":1662613200000,"40":1662640200000,"41":1662667200000,"42":1662721200000,"43":1662748200000,"44":1662964200000,"45":1662991200000,"46":1663018200000,"47":1663045200000,"48":1663072200000,"49":1663099200000,"50":1663126200000,"51":1663153200000,"52":1663180200000,"53":1663207200000,"54":1663234200000,"55":1663261200000,"56":1663315200000,"57":1663342200000,"58":1663369200000,"59":1663558200000,"60":1663585200000,"61":1663612200000,"62":1663666200000,"63":1663693200000,"64":1663747200000,"65":1663774200000,"66":1663801200000,"67":1663828200000,"68":1663855200000,"69":1663882200000,"70":1663909200000,"71":1663936200000,"72":1663963200000,"73":1664179200000,"74":1664206200000,"75":1664260200000,"76":1664287200000,"77":1664314200000,"78":1664341200000,"79":1664368200000,"80":1664395200000,"81":1664449200000,"82":1664476200000,"83":1664530200000,"84":1664557200000,"85":1664773200000,"86":1664800200000,"87":1664827200000},"n":{"0":1048,"1":16,"2":10,"3":1533,"4":20,"5":769,"6":577,"7":1,"8":105,"9":941,"10":10,"11":3,"12":1276,"13":15,"14":2,"15":676,"16":245,"17":859,"18":447,"19":28,"20":748,"21":20,"22":4,"23":1522,"24":202,"25":674,"26":925,"27":710,"28":898,"29":13,"30":101,"31":964,"32":10,"33":375,"34":587,"35":2,"36":70,"37":512,"38":5,"39":13,"40":672,"41":17,"42":747,"43":780,"44":598,"45":818,"46":3,"47":8,"48":1448,