{"v":{"0":181849.0,"1":386676.0,"2":126026.0,"3":66990.0,"4":46803.0,"5":36963.0,"6":10249.0,"7":80424.0,"8":924.0,"9":29494.0,"10":10764.0,"11":16206.0,"12":275411.0,"13":16658.0,"14":33476.0,"15":44120.0,"16":43840.0,"17":37545.0,"18":1301.0,"19":57642.0,"20":20453.0,"21":10873.0,"22":4649.0,"23":4154.0,"24":14223.0},"vw":{"0":0.5669,"1":0.4902,"2":0.4904,"3":0.4785,"4":0.5183,"5":0.5043,"6":0.5063,"7":0.514,"8":0.5067,"9":0.5243,"10":0.5459,"11":0.6008,"12":0.5984,"13":0.5557,"14":2.5216,"15":2.5484,"16":2.4343,"17":2.1902,"18":2.0062,"19":2.1478,"20":2.0033,"21":1.8947,"22":1.898,"23":1.875,"24":1.9174},"o":{"0":0.6502,"1":0.5729,"2":0.55,"3":0.5001,"4":0.534,"5":0.5175,"6":0.5,"7":0.49,"8":0.5,"9":0.56,"10":0.48001,"11":0.557,"12":0.59,"13":0.5046,"14":2.4,"15":2.51,"16":2.42,"17":2.371,"18":2.0201,"19":1.99,"20":2.05,"21":1.92,"22":1.8889,"23":1.9,"24":1.9},"c":{"0":0.5561,"1":0.5799,"2":0.5001,"3":0.535,"4":0.519899,"5":0.4712,"6":0.5,"7":0.533,"8":0.533,"9":0.55,"10":0.556,"11":0.59,"12":0.55,"13":0.5998,"14":2.655,"15":2.47,"16":2.38,"17":2.04,"18":2.02,"19":2.15,"20":1.92,"21":1.9214,"22":1.89,"23":1.9,"24":1.94},"h":{"0":0.66,"1":0.584899,"2":0.569,"3":0.535,"4":0.534,"5":0.517999,"6":0.53,"7":0.54,"8":0.533,"9":0.56,"10":0.56,"11":0.67,"12":0.65,"13":0.5998,"14":2.812,"15":2.75,"16":2.7,"17":2.49,"18":2.0201,"19":2.25,"20":2.16,"21":1.9555,"22":1.92,"23":1.9,"24":1.995},"l":{"0":0.46,"1":0.4,"2":0.4413,"3":0.4253,"4":0.51,"5":0.465,"6":0.5,"7":0.4505,"8":0.5,"9":0.5,"10":0.48001,"11":0.557,"12":0.55,"13":0.5,"14":2.29,"15":2.43,"16":2.09,"17":2.03,"18":1.99,"19":1.93,"20":1.91,"21":1.86,"22":1.88,"23":1.8491,"24":1.84},"t":{"0":1663315200000,"1":1663342200000,"2":1663585200000,"3":1663612200000,"4":1663666200000,"5":1663693200000,"6":1663747200000,"7":1663774200000,"8":1663801200000,"9":1663828200000,"10":1663855200000,"11":1663909200000,"12":1663936200000,"13":1663963200000,"14":1664179200000,"15":1664206200000,"16":1664260200000,"17":1664287200000,"18":1664341200000,"19":1664368200000,"20":1664449200000,"21":1664476200000,"22":1664530200000,"23":1664557200000,"24":1664800200000},"n":{"0":308,"1":580,"2":124,"3":105,"4":77,"5":62,"6":28,"7":212,"8":3,"9":37,"10":38,"11":30,"12":452,"13":20,"14":251,"15":382,"16":397,"17":280,"18":4,"19":340,"20":158,"21":39,"22":15,"23":38,"24":43}}