{"v":{"0":48053.9601,"1":1685.9605,"2":64081.0263,"3":367.6974,"4":138295.9730000001,"5":7400.2501,"6":171595.7368000001,"7":24750.1184,"8":30251.0524,"9":5105.0919,"10":3627.9473,"11":86704.8551,"12":4145.4473,"13":37760.2501,"14":38702.6448,"15":32715.079,"16":1935.6316,"17":132641.6049000001,"18":272.3684},"vw":{"0":4.5206,"1":4.5222,"2":4.4737,"3":4.3397,"4":4.2897,"5":4.1768,"6":4.0144,"7":4.1587,"8":4.0277,"9":4.0203,"10":4.1135,"11":4.154,"12":4.2445,"13":4.2617,"14":4.3273,"15":4.3955,"16":4.4655,"17":4.5551,"18":4.4939},"o":{"0":4.6591,"1":4.5159,"2":4.582,"3":4.3397,"4":4.4058,"5":4.1855,"6":4.1139,"7":4.0864,"8":4.0754,"9":3.9542,"10":4.0302,"11":4.1745,"12":4.2414,"13":4.2573,"14":4.3287,"15":4.3287,"16":4.4609,"17":4.4829,"18":4.4939},"c":{"0":4.4829,"1":4.5159,"2":4.3838,"3":4.3397,"4":4.2736,"5":4.157,"6":4.2406,"7":4.0754,"8":4.0313,"9":4.0414,"10":4.1194,"11":4.2901,"12":4.2186,"13":4.3287,"14":4.3838,"15":4.4388,"16":4.4278,"17":4.5557,"18":4.4939},"h":{"0":4.6591,"1":4.527,"2":4.582,"3":4.3397,"4":4.4058,"5":4.2186,"6":4.2406,"7":4.2373,"8":4.0754,"9":4.1173,"10":4.1634,"11":4.2901,"12":4.2955,"13":4.3838,"14":4.3838,"15":4.4939,"16":4.4829,"17":4.6701,"18":4.4939},"l":{"0":4.4829,"1":4.5159,"2":4.3177,"3":4.3397,"4":4.2186,"5":4.0533,"6":3.8551,"7":4.0533,"8":3.9762,"9":3.8441,"10":4.0302,"11":4.0754,"12":4.2186,"13":4.2406,"14":4.2846,"15":4.3177,"16":4.4278,"17":4.4719,"18":4.4939},"t":{"0":1663674300000,"1":1663704000000,"2":1663763400000,"3":1663793100000,"4":1663852500000,"5":1663911900000,"6":1663941600000,"7":1664179200000,"8":1664208900000,"9":1664268300000,"10":1664298000000,"11":1664357400000,"12":1664387100000,"13":1664446500000,"14":1664476200000,"15":1664535600000,"16":1664565300000,"17":1664802900000,"18":1664832600000},"n":{"0":287,"1":4,"2":179,"3":1,"4":747,"5":33,"6":474,"7":130,"8":166,"9":35,"10":16,"11":303,"12":32,"13":178,"14":113,"15":119,"16":21,"17":755,"18":2}}