{"v":{"0":19551.2,"1":43863.4,"2":16973.35,"3":51236.75,"4":2994.0,"5":24477.35,"6":26594.9,"7":39976.95,"8":13607.35,"9":27743.3,"10":216.35,"11":100469.0500000001,"12":69.95,"13":52818.6,"14":34415.2,"15":157694.2,"16":15508.7,"17":360.4,"18":120710.3,"19":1500.0,"20":5738.7,"21":92808.0,"22":16.9,"23":27985.8,"24":62366.2,"25":31.9,"26":107113.8999999999,"27":430.1,"28":129.8,"29":80313.75,"30":280.15,"31":5479.2,"32":64349.35,"33":1064.5,"34":21534.05,"35":31370.6,"36":66612.55,"37":54886.65,"38":509469.4,"39":763420.750000001,"40":354.35,"41":192435.2,"42":218630.9500000001,"43":16.85,"44":457150.2000000001,"45":201927.2999999999,"46":196.0,"47":450556.2000000001,"48":95562.95,"49":107746.55,"50":136824.4,"51":5.0,"52":71076.65,"53":60222.55,"54":35.95,"55":135592.7,"56":40971.4,"57":7112.45,"58":536902.4,"59":5965.6,"60":1850.3,"61":516530.8000000002,"62":18151.9,"63":408.05,"64":431040.7499999999,"65":75043.55,"66":872.45,"67":468998.3499999999,"68":29824.0,"69":2854.85,"70":502214.2999999998,"71":377.2,"72":234550.4999999999,"73":257875.2499999999,"74":5.0,"75":68694.4,"76":349163.1000000002,"77":44892.4,"78":2165.0,"79":334110.5499999999,"80":1024.0,"81":20120.25,"82":107303.75,"83":609.15,"84":47704.5,"85":88156.55,"86":54917.1,"87":44345.0,"88":172.5,"89":139337.25,"90":760.05,"91":15111.05,"92":110171.6,"93":22.3,"94":66452.0,"95":70180.9,"96":107473.1500000001,"97":59048.45,"98":64206.0,"99":14781.9,"100":26446.0,"101":48120.4},"vw":{"0":9.0652,"1":9.4957,"2":9.6462,"3":9.2584,"4":9.3311,"5":9.3484,"6":9.1919,"7":9.1011,"8":8.9143,"9":9.0335,"10":9.2,"11":9.6078,"12":9.5902,"13":9.7254,"14":10.4387,"15":12.0598,"16":12.7618,"17":12.614,"18":12.1753,"19":12.8301,"20":12.0258,"21":12.5398,"22":12.402,"23":11.8268,"24":11.6542,"25":11.4,"26":11.7499,"27":12.3455,"28":12.654,"29":11.898,"30":11.4449,"31":11.5963,"32":11.1885,"33":10.4995,"34":10.9566,"35":10.8756,"36":10.5647,"37":10.1582,"38":4.802,"39":5.4197,"40":5.6795,"41":5.8788,"42":5.401,"43":5.3773,"44":6.1282,"45":6.8188,"46":6.7147,"47":6.628,"48":6.8096,"49":7.511,"50":8.1676,"51":7.66,"52":8.0871,"53":8.0931,"54":7.8,"55":7.1816,"56":6.8497,"57":7.5096,"58":5.3253,"59":5.1983,"60":5.2405,"61":4.8892,"62":4.336,"63":4.4431,"64":4.4959,"65":4.2645,"66":4.1933,"67":4.3255,"68":4.5126,"69":4.447,"70":4.4161,"71":4.5157,"72":4.749,"73":4.7569,"74":4.628,"75":6.0189,"76":4.8474,"77":4.9751,"78":4.8152,"79":4.5608,"80":4.5165,"81":4.339,"82":4.5392,"83":4.4354,"84":4.5455,"85":4.7424,"86":4.9157,"87":4.9615,"88":4.9465,"89":4.8023,"90":4.7278,"91":4.7604,"92":4.943,"93":4.9475,"94":5.0993,"95":5.107,"96":4.8955,"97":4.8633,"98":4.8571,"99":4.8002,"100":4.5934,"101":4.6228},"o":{"0":9.064,"1":9.264,"2":9.77,"3":9.3,"4":8.958,"5":9.358,"6":9.244,"7":9.038,"8":8.87,"9":9.3,"10":9.2,"11":9.18,"12":9.8,"13":9.96,"14":10.2,"15":10.88,"16":12.749,"17":12.624,"18":12.62,"19":12.238,"20":13.0,"21":12.022,"22":12.402,"23":12.242,"24":11.64,"25":11.4,"26":11.02,"27":12.4,"28":12.4,"29":12.6,"30":11.4,"31":11.2,"32":11.4,"33":11.0,"34":11.67,"35":10.762,"36":10.8,"37":10.144,"38":10.4,"39":4.58,"40":5.85,"41":5.9,"42":5.793,"43":5.5,"44":5.04,"45":6.204,"46":7.2,"47":6.8,"48":6.351,"49":6.998,"50":8.074,"51":7.66,"52":8.27,"53":8.157,"54":7.8,"55":8.0,"56":6.952,"57":7.34,"58":7.242,"59":5.17,"60":5.2,"61":5.3,"62":4.52,"63":4.498,"64":4.5,"65":4.308,"66":4.358,"67":4.358,"68":4.436,"69":4.518,"70":4.538,"71":4.474,"72":4.56,"73":4.798,"74":4.628,"75":4.758,"76":5.314,"77":4.92,"78":4.72,"79":4.8,"80":4.6,"81":4.74,"82":4.404,"83":4.44,"84":4.44,"85":4.67,"86":4.748,"87":4.96,"88":4.87,"89":4.98,"90":4.76,"91":4.8,"92":4.825,"93":4.814,"94":4.63,"95":5.224,"96":5.2,"97":4.852,"98":4.76,"99":4.836,"100":4.88,"101":4.56},"c":{"0":9.2,"1":9.602,"2":9.6,"3":9.0,"4":8.958,"5":9.244,"6":9.494,"7":8.87,"8":8.8,"9":9.2,"10":9.2,"11":9.96,"12":9.574,"13":10.198,"14":10.4,"15":12.6137,"16":12.474,"17":12.62,"18":11.92,"19":13.0,"20":12.02,"21":12.82,"22":12.402,"23":11.641,"24":12.0,"25":11.4,"26":12.202,"27":12.4,"28":12.6,"29":12.03,"30":11.422,"31":11.4,"32":11.398,"33":11.1,"34":10.762,"35":11.2,"36":10.142,"37":10.56,"38":4.582,"39":5.8,"40":5.672,"41":5.793,"42":5.44,"43":5.238,"44":6.212,"45":7.0,"46":6.64,"47":6.352,"48":7.0,"49":8.074,"50":7.66,"51":7.66,"52":8.157,"53":7.8,"54":7.8,"55":6.94,"56":6.6,"57":7.204,"58":5.214,"59":5.0,"60":5.388,"61":4.6,"62":4.4,"63":4.598,"64":4.308,"65":4.322,"66":4.268,"67":4.436,"68":4.506,"69":4.4,"70":4.474,"71":4.56,"72":4.734,"73":4.628,"74":4.628,"75":5.394,"76":4.92,"77":4.8,"78":4.64,"79":4.6,"80":4.436,"81":4.466,"82":4.44,"83":4.402,"84":4.668,"85":4.54,"86":4.922,"87":4.712,"88":4.998,"89":4.7,"90":4.8,"91":4.806,"92":5.04,"93":5.0,"94":5.224,"95":5.1,"96":4.852,"97":4.802,"98":4.838,"99":4.704,"100":4.56,"101":4.66},"h":{"0":9.6,"1":9.8,"2":9.798,"3":9.804,"4":9.4,"5":9.6,"6":9.526,"7":9.496,"8":9.428,"9":9.3,"10":9.2,"11":9.96,"12":9.8,"13":10.2,"14":10.686,"15":13.184,"16":12.958,"17":12.624,"18":13.07,"19":13.0,"20":13.2,"21":13.2,"22":12.402,"23":12.8,"24":12.46,"25":11.4,"26":12.6,"27":12.8,"28":12.8,"29":13.0,"30":11.6,"31":12.4,"32":12.078,"33":11.1,"34":11.958,"35":11.4,"36":11.578,"37":10.7,"38":10.4,"39":6.0,"40":5.85,"41":6.38,"42":5.992,"43":5.5,"44":6.9,"45":7.598,"46":7.2,"47":7.44,"48":7.682,"49":8.344,"50":8.4,"51":7.66,"52":8.398,"53":8.2,"54":7.8,"55":8.162,"56":7.14,"57":8.88,"58":7.242,"59":5.674,"60":5.554,"61":5.598,"62":4.7,"63":4.598,"64":4.7,"65":4.362,"66":4.358,"67":4.674,"68":4.784,"69":4.622,"70":4.546,"71":4.58,"72":5.0,"73":4.87,"74":4.628,"75":8.02,"76":5.4,"77":5.002,"78":5.1,"79":5.12,"80":4.6,"81":4.74,"82":4.686,"83":4.44,"84":4.796,"85":4.9,"86":5.0,"87":5.04,"88":5.0,"89":5.0,"90":4.8,"91":4.846,"92":5.15,"93":5.0,"94":5.296,"95":5.226,"96":5.2,"97":5.07,"98":5.07,"99":4.88,"100":4.88,"101":4.798},"l":{"0":8.812,"1":9.0,"2":9.202,"3":8.902,"4":8.958,"5":8.902,"6":8.97,"7":8.84,"8":8.6,"9":8.6,"10":9.2,"11":9.09,"12":9.574,"13":9.472,"14":10.198,"15":10.4,"16":11.88,"17":12.62,"18":10.442,"19":12.0,"20":11.802,"21":11.8,"22":12.402,"23":11.494,"24":11.402,"25":11.4,"26":11.0,"27":11.602,"28":12.4,"29":11.2,"30":11.4,"31":11.02,"32":10.8,"33":10.45,"34":10.68,"35":10.64,"36":10.14,"37":10.0,"38":4.396,"39":4.58,"40":5.67,"41":5.04,"42":5.12,"43":5.238,"44":5.0,"45":6.156,"46":6.6,"47":6.236,"48":6.284,"49":6.65,"50":7.5,"51":7.66,"52":7.66,"53":7.8,"54":7.8,"55":6.84,"56":6.4,"57":6.754,"58":4.7,"59":4.814,"60":5.2,"61":4.452,"62":4.1,"63":4.38,"64":4.214,"65":4.2,"66":4.156,"67":3.948,"68":4.304,"69":4.224,"70":4.268,"71":4.402,"72":4.502,"73":4.628,"74":4.628,"75":4.66,"76":4.658,"77":4.8,"78":4.62,"79":4.4,"80":4.43,"81":4.214,"82":4.4,"83":4.402,"84":4.258,"85":4.54,"86":4.6,"87":4.712,"88":4.712,"89":4.6,"90":4.48,"91":4.524,"92":4.8,"93":4.814,"94":4.63,"95":5.0,"96":4.8,"97":4.793,"98":4.72,"99":4.704,"100":4.5,"101":4.518},"t":{"0":1653498000000,"1":1653559200000,"2":1653589800000,"3":1653651000000,"4":1653681600000,"5":1653987600000,"6":1654018200000,"7":1654079400000,"8":1654110000000,"9":1654171200000,"10":1654201800000,"11":1654263000000,"12":1654293600000,"13":1654507800000,"14":1654538400000,"15":1654599600000,"16":1654630200000,"17":1654660800000,"18":1654691400000,"19":1654722000000,"20":1654752600000,"21":1654783200000,"22":1654813800000,"23":1654844400000,"24":1654875000000,"25":1655089200000,"26":1655119800000,"27":1655150400000,"28":1655181000000,"29":1655211600000,"30":1655242200000,"31":1655272800000,"32":1655303400000,"33":1655334000000,"34":1655364600000,"35":1655395200000,"36":1655456400000,"37":1655487000000,"38":1655793000000,"39":1655823600000,"40":1655854200000,"41":1655884800000,"42":1655915400000,"43":1655946000000,"44":1655976600000,"45":1656007200000,"46":1656037800000,"47":1656068400000,"48":1656099000000,"49":1656313200000,"50":1656343800000,"51":1656374400000,"52":1656405000000,"53":1656435600000,"54":1656466200000,"55":1656496800000,"56":1656527400000,"57":1656558000000,