{"v":{"0":74487.0,"1":3299.0,"2":453312.0,"3":5078.0,"4":107381.0,"5":52080.0,"6":3345.0,"7":136603.0,"8":165318.0,"9":41932.0,"10":30940.0,"11":149959.0,"12":105974.0,"13":16191.0,"14":44605.0,"15":126166.0,"16":176229.0,"17":37627.0,"18":733.0,"19":120070.0,"20":29231.0,"21":82850.0,"22":47111.0,"23":1945.0,"24":81659.0,"25":25284.0,"26":48238.0,"27":344.0,"28":18430.0,"29":45695.0,"30":97458.0,"31":1329.0,"32":38217.0,"33":240134.0,"34":95258.0,"35":8731.0,"36":5613.0,"37":24261.0,"38":38707.0,"39":23395.0,"40":27540.0,"41":39146.0,"42":5581.0,"43":19400.0,"44":17986.0,"45":9733.0},"vw":{"0":1.5966,"1":1.6923,"2":1.4427,"3":1.4031,"4":1.4019,"5":1.3411,"6":1.3342,"7":1.3448,"8":1.2655,"9":1.2312,"10":1.2409,"11":1.3276,"12":1.3521,"13":1.3385,"14":1.2804,"15":1.3593,"16":1.4765,"17":1.4354,"18":1.5686,"19":1.3463,"20":1.3148,"21":1.3494,"22":1.3435,"23":1.2998,"24":1.2728,"25":1.2704,"26":1.226,"27":1.22,"28":1.2115,"29":1.218,"30":1.1693,"31":1.1724,"32":1.0999,"33":0.9964,"34":0.9156,"35":0.9357,"36":0.9832,"37":0.9323,"38":0.9067,"39":0.8221,"40":0.9196,"41":0.8649,"42":0.8638,"43":0.8803,"44":0.8713,"45":0.852},"o":{"0":1.6338,"1":1.73,"2":1.7,"3":1.38,"4":1.39,"5":1.3489,"6":1.34,"7":1.38,"8":1.31,"9":1.2524,"10":1.22,"11":1.2799,"12":1.35,"13":1.33,"14":1.34,"15":1.3,"16":1.36,"17":1.4331,"18":1.58,"19":1.38,"20":1.35,"21":1.33,"22":1.32,"23":1.33,"24":1.29,"25":1.2899,"26":1.21,"27":1.22,"28":1.26,"29":1.23,"30":1.18,"31":1.19,"32":1.14,"33":1.0327,"34":0.969,"35":0.925,"36":0.9431,"37":0.9499,"38":0.9775,"39":0.9037,"40":0.91,"41":0.8625,"42":0.864899,"43":0.8701,"44":0.902,"45":0.8707},"c":{"0":1.58,"1":1.7,"2":1.4,"3":1.4,"4":1.3589,"5":1.4,"6":1.35,"7":1.35,"8":1.26,"9":1.22,"10":1.2798,"11":1.3,"12":1.34,"13":1.37,"14":1.32,"15":1.39,"16":1.44,"17":1.41,"18":1.5,"19":1.35,"20":1.3133,"21":1.36,"22":1.34,"23":1.28,"24":1.29,"25":1.27,"26":1.24,"27":1.22,"28":1.23,"29":1.2,"30":1.14,"31":1.13,"32":1.06,"33":1.02,"34":0.95,"35":0.956,"36":0.95,"37":0.9345,"38":0.9098,"39":0.90975,"40":0.9167,"41":0.8651,"42":0.8627,"43":0.8616,"44":0.888999,"45":0.851},"h":{"0":1.65,"1":1.73,"2":1.71,"3":1.47,"4":1.57,"5":1.4,"6":1.35,"7":1.41,"8":1.37,"9":1.26,"10":1.31,"11":1.38,"12":1.4,"13":1.37,"14":1.34,"15":1.4,"16":1.54,"17":1.46,"18":1.58,"19":1.42,"20":1.39,"21":1.39,"22":1.38,"23":1.33,"24":1.34,"25":1.29,"26":1.31,"27":1.22,"28":1.26,"29":1.25,"30":1.25,"31":1.19,"32":1.1699,"33":1.06,"34":0.98,"35":0.956,"36":0.9875,"37":0.95,"38":0.9775,"39":0.91945,"40":0.949999,"41":0.9006,"42":0.8649,"43":0.914117,"44":0.902,"45":0.878295},"l":{"0":1.56,"1":1.63,"2":1.26,"3":1.37,"4":1.3301,"5":1.32,"6":1.32,"7":1.3,"8":1.22,"9":1.2,"10":1.19,"11":1.2701,"12":1.3,"13":1.32,"14":1.25,"15":1.3,"16":1.36,"17":1.41,"18":1.5,"19":1.28,"20":1.285,"21":1.31,"22":1.32,"23":1.28,"24":1.25,"25":1.26,"26":1.2,"27":1.22,"28":1.18,"29":1.19,"30":1.14,"31":1.13,"32":1.0538,"33":0.9319,"34":0.88,"35":0.9,"36":0.9431,"37":0.93,"38":0.8801,"39":0.8009,"40":0.82,"41":0.8399,"42":0.8622,"43":0.8501,"44":0.8516,"45":0.8451},"t":{"0":1661875200000,"1":1661909400000,"2":1661943600000,"3":1661977800000,"4":1662012000000,"5":1662046200000,"6":1662080400000,"7":1662114600000,"8":1662456600000,"9":1662490800000,"10":1662525000000,"11":1662559200000,"12":1662627600000,"13":1662661800000,"14":1662696000000,"15":1662730200000,"16":1662969600000,"17":1663003800000,"18":1663038000000,"19":1663072200000,"20":1663140600000,"21":1663174800000,"22":1663243200000,"23":1663277400000,"24":1663311600000,"25":1663345800000,"26":1663585200000,"27":1663619400000,"28":1663653600000,"29":1663687800000,"30":1663756200000,"31":1663790400000,"32":1663824600000,"33":1663858800000,"34":1663927200000,"35":1663961400000,"36":1664166600000,"37":1664200800000,"38":1664269200000,"39":1664303400000,"40":1664371800000,"41":1664440200000,"42":1664474400000,"43":1664542800000,"44":1664782200000,"45":1664816400000},"n":{"0":265,"1":10,"2":1735,"3":9,"4":503,"5":271,"6":16,"7":502,"8":577,"9":177,"10":86,"11":503,"12":263,"13":87,"14":64,"15":580,"16":644,"17":128,"18":4,"19":422,"20":207,"21":201,"22":242,"23":15,"24":357,"25":164,"26":233,"27":2,"28":65,"29":189,"30":397,"31":6,"32":157,"33":638,"34":401,"35":46,"36":8,"37":106,"38":102,"39":55,"40":100,"41":116,"42":26,"43":88,"44":29,"45":59}}