{"v":{"0":27761.6052,"1":75359.8022999999,"2":9437.5657,"3":11720.0131,"4":39185.6457,"5":16127.8422,"6":10216.5393,"7":42530.3291,"8":35560.4213,"9":15172.7367,"10":1193.8816,"11":135556.8556,"12":49750.8161,"13":4642.9737,"14":119745.8690999999,"15":20414.0132,"16":39856.5787,"17":33893.5266,"18":31719.1186,"19":22493.0921,"20":12196.6579,"21":4249.8553,"22":21238.3816,"23":170363.7236000001,"24":16205.9208,"25":33533.9998,"26":64081.0263,"27":367.6974,"28":52577.9999,"29":85717.9731,"30":177300.0395000001,"31":1695.9474,"32":7134.2368,"33":47866.934,"34":6527.7629,"35":2205.2763,"36":90850.3024,"37":32129.4869,"38":44333.408,"39":34650.7106,"40":85724.3287,"41":47189.6446},"vw":{"0":4.539,"1":4.6231,"2":4.5673,"3":4.5355,"4":4.4368,"5":4.3037,"6":4.407,"7":4.347,"8":4.4977,"9":4.5465,"10":4.66,"11":4.6117,"12":4.7356,"13":4.7951,"14":4.9203,"15":5.0057,"16":4.9716,"17":4.8614,"18":4.9471,"19":4.8652,"20":4.7221,"21":4.5153,"22":4.411,"23":4.4758,"24":4.5339,"25":4.5142,"26":4.4737,"27":4.3397,"28":4.3049,"29":4.2804,"30":4.0194,"31":4.2001,"32":4.1046,"33":4.0839,"34":4.0353,"35":4.1293,"36":4.1581,"37":4.2503,"38":4.3272,"39":4.3994,"40":4.5565,"41":4.5522},"o":{"0":4.571,"1":4.4278,"2":4.582,"3":4.593,"4":4.5159,"5":4.7252,"6":4.3728,"7":4.4608,"8":4.3287,"9":4.4719,"10":4.6812,"11":4.6026,"12":4.6163,"13":4.8045,"14":4.6812,"15":4.8794,"16":5.0336,"17":4.7583,"18":4.9235,"19":4.8794,"20":4.7913,"21":4.4388,"22":4.5049,"23":4.4058,"24":4.6591,"25":4.5214,"26":4.582,"27":4.3397,"28":4.4058,"29":4.3067,"30":4.1855,"31":4.169,"32":4.0864,"33":4.1463,"34":3.9542,"35":4.1304,"36":4.1745,"37":4.2573,"38":4.312,"39":4.3287,"40":4.4829,"41":4.549},"c":{"0":4.527,"1":4.7032,"2":4.626,"3":4.527,"4":4.3177,"5":4.2957,"6":4.4499,"7":4.2736,"8":4.56,"9":4.6096,"10":4.582,"11":4.7803,"12":4.8243,"13":4.7803,"14":4.9345,"15":5.0116,"16":4.9235,"17":4.9014,"18":4.9235,"19":4.8133,"20":4.593,"21":4.538,"22":4.4058,"23":4.5525,"24":4.5349,"25":4.5159,"26":4.3838,"27":4.3397,"28":4.2957,"29":4.2736,"30":4.1855,"31":4.2406,"32":4.2048,"33":4.0313,"34":4.1194,"35":4.1194,"36":4.2186,"37":4.3177,"38":4.3838,"39":4.4278,"40":4.549,"41":4.4939},"h":{"0":4.6371,"1":4.7361,"2":4.6308,"3":4.593,"4":4.56,"5":4.7252,"6":4.4823,"7":4.4829,"8":4.6261,"9":4.6195,"10":4.6812,"11":4.7803,"12":4.8463,"13":4.8354,"14":5.1107,"15":5.0671,"16":5.0336,"17":4.9535,"18":5.0666,"19":4.9801,"20":4.8243,"21":4.5612,"22":4.5158,"23":4.6812,"24":4.6591,"25":4.527,"26":4.582,"27":4.3397,"28":4.4058,"29":4.3287,"30":4.2406,"31":4.2406,"32":4.2048,"33":4.2373,"34":4.1194,"35":4.1634,"36":4.2955,"37":4.3199,"38":4.3838,"39":4.4939,"40":4.6701,"41":4.6078},"l":{"0":4.4939,"1":4.4278,"2":4.5163,"3":4.5159,"4":4.3177,"5":4.2187,"6":4.3397,"7":4.2626,"8":4.3067,"9":4.4719,"10":4.582,"11":4.5049,"12":4.5446,"13":4.7528,"14":4.6812,"15":4.8794,"16":4.9125,"17":4.6034,"18":4.8243,"19":4.7803,"20":4.549,"21":4.4388,"22":4.3882,"23":4.3623,"24":4.5159,"25":4.4829,"26":4.3177,"27":4.3397,"28":4.2186,"29":4.2406,"30":3.8551,"31":4.1525,"32":4.0533,"33":3.9762,"34":3.8441,"35":4.1084,"36":4.0754,"37":4.2406,"38":4.2846,"39":4.3177,"40":4.4719,"41":4.4939},"t":{"0":1661533200000,"1":1661772600000,"2":1661841000000,"3":1661875200000,"4":1661943600000,"5":1662012000000,"6":1662046200000,"7":1662114600000,"8":1662456600000,"9":1662490800000,"10":1662525000000,"11":1662559200000,"12":1662627600000,"13":1662661800000,"14":1662730200000,"15":1662969600000,"16":1663003800000,"17":1663072200000,"18":1663140600000,"19":1663174800000,"20":1663243200000,"21":1663311600000,"22":1663345800000,"23":1663585200000,"24":1663653600000,"25":1663687800000,"26":1663756200000,"27":1663790400000,"28":1663824600000,"29":1663858800000,"30":1663927200000,"31":1663961400000,"32":1664166600000,"33":1664200800000,"34":1664269200000,"35":1664303400000,"36":1664371800000,"37":1664440200000,"38":1664474400000,"39":1664542800000,"40":1664782200000,"41":1664816400000},"n":{"0":91,"1":332,"2":56,"3":43,"4":254,"5":43,"6":85,"7":111,"8":260,"9":62,"10":12,"11":449,"12":222,"13":35,"14":646,"15":109,"16":184,"17":175,"18":202,"19":169,"20":100,"21":15,"22":135,"23":786,"24":71,"25":220,"26":179,"27":1,"28":236,"29":511,"30":490,"31":17,"32":17,"33":279,"34":43,"35":8,"36":335,"37":142,"38":149,"39":140,"40":383,"41":374}}