{"v":{"0":89474.1,"1":2128.5,"2":73745.25,"3":40698.65,"4":85611.8,"5":210920.8,"6":294.05,"7":206709.2500000001,"8":1751.05,"9":72428.4,"10":146328.85,"11":147742.3999999999,"12":3181.45,"13":1828.7,"14":237482.0499999994,"15":318.6,"16":140055.35,"17":77624.35,"18":3469.6,"19":160132.4499999999,"20":567.9,"21":285018.8,"22":37499.75,"23":136742.3,"24":220126.3,"25":53.3,"26":446831.2,"27":17430.65,"28":215560.45,"29":272317.7999999999,"30":1564.4,"31":386514.7500000001,"32":1498.4,"33":153288.8,"34":159859.3000000001,"35":2790.4,"36":226095.75,"37":114.35,"38":159446.7499999999,"39":70830.55,"40":1364.25,"41":135375.65,"42":142.75,"43":99294.95,"44":30070.4,"45":29766.9,"46":186618.0999999999,"47":97716.15,"48":133340.95,"49":79.55,"50":350263.95,"51":12237.5,"52":157885.8499999999,"53":231971.4999999999,"54":1291.35,"55":321136.4999999998,"56":5041.55,"57":192303.6,"58":116604.0,"59":4453.15,"60":191944.0,"61":500.0,"62":78781.05,"63":20491.75,"64":9421.4,"65":64917.2,"66":74264.15,"67":12636.65,"68":35.65,"69":132996.6,"70":1928.55,"71":28504.3,"72":94629.5,"73":312.05,"74":150260.4999999999,"75":9105.1,"76":99553.2000000001},"vw":{"0":9.3477,"1":9.6847,"2":9.3395,"3":9.1899,"4":9.1954,"5":8.6852,"6":8.5189,"7":8.345,"8":8.4615,"9":8.5201,"10":8.6691,"11":8.7658,"12":8.6718,"13":8.9016,"14":9.6675,"15":9.3705,"16":9.3514,"17":9.2341,"18":9.1574,"19":9.2924,"20":9.607,"21":10.2197,"22":10.4132,"23":10.8972,"24":10.6008,"25":10.4079,"26":12.0641,"27":12.9097,"28":12.7139,"29":12.9542,"30":12.3475,"31":12.9586,"32":12.4968,"33":11.7303,"34":11.3366,"35":10.7803,"36":10.5617,"37":10.3351,"38":9.8699,"39":9.5763,"40":9.6208,"41":9.7044,"42":10.0567,"43":9.5206,"44":10.0247,"45":10.4145,"46":10.8737,"47":11.1279,"48":11.4317,"49":10.994,"50":11.4387,"51":11.5816,"52":12.0289,"53":11.8702,"54":12.2388,"55":12.3067,"56":12.6571,"57":12.8808,"58":13.2483,"59":12.7464,"60":12.5766,"61":12.1965,"62":12.0679,"63":12.1672,"64":11.6764,"65":11.8485,"66":11.9228,"67":11.5442,"68":11.4,"69":11.0246,"70":11.232,"71":11.25,"72":11.5591,"73":12.0206,"74":11.8721,"75":12.1331,"76":12.2847},"o":{"0":9.7,"1":9.6,"2":9.712,"3":9.239,"4":9.066,"5":8.856,"6":8.512,"7":8.6,"8":8.342,"9":8.54,"10":8.5,"11":8.8,"12":8.604,"13":9.08,"14":8.838,"15":9.4,"16":10.4,"17":9.338,"18":9.15,"19":9.064,"20":9.336,"21":9.898,"22":10.298,"23":10.9,"24":10.68,"25":10.794,"26":10.442,"27":12.512,"28":12.644,"29":13.495,"30":12.3,"31":12.398,"32":12.7,"33":12.258,"34":11.522,"35":11.0,"36":11.0,"37":10.242,"38":10.4,"39":9.601,"40":9.612,"41":9.748,"42":10.184,"43":10.028,"44":9.8675,"45":10.22,"46":10.564,"47":11.6,"48":11.08,"49":11.0,"50":11.338,"51":11.42,"52":11.62,"53":12.004,"54":12.4,"55":12.054,"56":12.5,"57":12.798,"58":13.394,"59":12.214,"60":12.97,"61":12.2,"62":12.38,"63":12.136,"64":12.02,"65":11.596,"66":12.238,"67":11.662,"68":11.4,"69":11.44,"70":11.2,"71":10.6,"72":11.192,"73":12.0,"74":12.0,"75":12.0,"76":12.376},"c":{"0":9.6,"1":9.7,"2":9.238,"3":9.44,"4":8.896,"5":8.7,"6":8.6,"7":8.394,"8":8.84,"9":8.5,"10":8.602,"11":8.764,"12":8.88,"13":8.8,"14":9.4,"15":9.4,"16":9.336,"17":9.19,"18":9.082,"19":9.242,"20":9.764,"21":10.316,"22":10.35,"23":10.68,"24":10.88,"25":10.9,"26":12.698,"27":13.16,"28":13.4978,"29":12.3,"30":12.4,"31":12.76,"32":12.978,"33":11.52,"34":11.542,"35":11.0,"36":10.598,"37":10.596,"38":9.602,"39":9.874,"40":9.662,"41":10.188,"42":9.866,"43":9.868,"44":10.2,"45":10.674,"46":11.15,"47":11.068,"48":11.77,"49":10.862,"50":11.56,"51":11.8,"52":12.091,"53":12.18,"54":12.076,"55":12.5,"56":12.78,"57":13.392,"58":13.0,"59":12.97,"60":12.36,"61":12.08,"62":12.136,"63":12.4,"64":11.524,"65":12.0,"66":11.602,"67":11.58,"68":11.4,"69":11.2,"70":11.2,"71":11.184,"72":12.1,"73":12.2,"74":11.998,"75":12.2,"76":12.296},"h":{"0":9.796,"1":9.74,"2":9.712,"3":9.44,"4":9.696,"5":9.044,"6":8.65,"7":8.8,"8":8.84,"9":8.7,"10":8.932,"11":9.14,"12":8.948,"13":9.08,"14":10.294,"15":9.4,"16":10.4,"17":9.384,"18":9.2,"19":9.6,"20":9.764,"21":10.776,"22":10.776,"23":13.18,"24":10.978,"25":10.9,"26":13.0,"27":13.24,"28":13.4978,"29":13.568,"30":12.7,"31":13.6,"32":12.98,"33":13.572,"34":12.88,"35":11.0,"36":11.21,"37":10.596,"38":10.478,"39":9.912,"40":9.874,"41":10.22,"42":10.2,"43":10.1,"44":10.2,"45":10.838,"46":11.3,"47":11.6,"48":11.77,"49":11.376,"50":12.182,"51":11.8,"52":12.4,"53":12.398,"54":12.4,"55":12.9,"56":12.8,"57":13.4,"58":13.464,"59":13.0,"60":13.2,"61":12.202,"62":12.548,"63":12.4,"64":12.14,"65":12.1,"66":12.7,"67":11.662,"68":11.4,"69":11.578,"70":11.296,"71":11.5,"72":12.14,"73":12.3,"74":12.3,"75":12.396,"76":12.65},"l":{"0":8.986,"1":9.6,"2":9.056,"3":9.006,"4":8.814,"5":8.438,"6":8.5,"7":8.1,"8":8.2,"9":8.26,"10":8.404,"11":8.46,"12":8.604,"13":8.762,"14":8.8,"15":9.3,"16":9.052,"17":9.064,"18":9.08,"19":8.82,"20":9.336,"21":9.28,"22":10.102,"23":10.204,"24":10.26,"25":10.24,"26":10.242,"27":12.4,"28":11.02,"29":12.2,"30":12.0,"31":12.011,"32":12.224,"33":11.262,"34":11.08,"35":10.57,"36":10.08,"37":10.242,"38":9.6,"39":9.3,"40":9.202,"41":9.342,"42":9.866,"43":8.8,"44":9.862,"45":10.0,"46":10.104,"47":10.8,"48":10.96,"49":10.862,"50":10.742,"51":11.25,"52":11.46,"53":11.242,"54":11.86,"55":11.622,"56":12.5,"57":12.004,"58":12.46,"59":12.214,"60":12.02,"61":12.08,"62":11.73,"63":12.0,"64":11.522,"65":11.53,"66":11.496,"67":11.406,"68":11.4,"69":10.754,"70":10.81,"71":10.566,"72":11.1,"73":12.0,"74":11.6,"75":11.902,"76":11.61},"t":{"0":1653052500000,"1":1653087600000,"2":1653298200000,"3":1653333300000,"4":1653368400000,"5":1653403500000,"6":1653438600000,"7":1653473700000,"8":1653508800000,"9":1653543900000,"10":1653579000000,"11":1653649200000,"12":1653684300000,"13":1653965100000,"14":1654000200000,"15":1654035300000,"16":1654070400000,"17":1654105500000,"18":1654140600000,"19":1654175700000,"20":1654210800000,"21":1654245900000,"22":1654281000000,"23":1654491600000,"24":1654526700000,"25":1654561800000,"26":1654596900000,"27":1654632000000,"28":1654667100000,"29":1654702200000,"30":1654737300000,"31":1654772400000,"32":1654807500000,"33":1654842600000,"34":1654877700000,"35":1655088300000,"36":1655123400000,"37":1655158500000,"38":1655193600000,"39":1655228700000,"40":1655263800000,"41":1655298900000,"42":1655334000000,"43":1655369100000,"44":1655404200000,"45":1655439300000,"46":1655474400000,"47":1655790300000,"48":1655825400000,"49":1655860500000,"50":1655895600000,"51":1655930700000,"52":1655965800000,"53":1656000900000,"54":1656036000000,"55":1656071100000,"56":1656106200000,"57":1656316800000,"58":1656351900000,"59":1656387000000,"60":1656422100000,"61":1656457200000,"62":1656492300000,"63":1656527400000,"64":1656562500000,"65":1656597600000,"66":1656667800000,"67":1656702900000,"68":1656983700000,"69":1657018800000,"70":1657053900000,"71":1657089000000,"72":1657124100000,"73":1657159200000,"74":1657194300000,"75":1657229400000,"76":1657264500000},"n":{"0":4925,"1":14,"2":4016,"3":1214,"4":1958,"5":6729,"6":8,"7":4926,"8":25,"9":1596,"10":3693,"11":5793,"12":29,"13":36,"14":5542,"15":12,"16":3898,"17":2996,"18":20,"19":4318,"20":10,"21":5898,"22":2164,"23":3846,"24":9106,"25":7,"26":12495,"27":295,"28":5114,"29":7724,"30":32,"31":13787,"32":28,"33":3267,"34":4970,"35":74,"36":7529,"37":4,"38":4281,"39":2260,"40":20,"41":4440,"42":8,"43":3744,"44":1941,"45":735,"46":6181,"47":2883,"48":6249,"49":9,"50":10018,"51":75,"52":3625,"53":8002,"54":53,"55":13073,"56":75,"57":5610,"58":2834,"59":64,"60":5522,"61":6,"62":2845,"63":979,"64":309,"65":2882,"66":3539,"67":831,"68":4,"69":4101,"70":29,"71":896,"72":2332,"73":16,"74":5962,"75":119,"76":2414}}