{"v":{"0":17587.4,"1":23315.65,"2":633.6,"3":1701.2,"4":24535.3,"5":21693.3,"6":763.7,"7":171.95,"8":13272.4,"9":83843.2,"10":7742.85,"11":2034.05,"12":235.25,"13":9909.8,"14":2812032.7999999993,"15":589769.0999999996,"16":12569.05,"17":10128.05,"18":38284.55,"19":485454.5999999999},"vw":{"0":4.221,"1":4.0999,"2":4.1312,"3":4.1933,"4":4.0828,"5":4.12,"6":4.1354,"7":4.2769,"8":4.2364,"9":4.5171,"10":4.4104,"11":4.3623,"12":4.3245,"13":4.4658,"14":7.2165,"15":6.2979,"16":6.0249,"17":6.4071,"18":6.3673,"19":6.0964},"o":{"0":4.396,"1":4.2,"2":4.116,"3":4.2,"4":4.03,"5":4.162,"6":4.074,"7":4.16,"8":4.25,"9":4.3,"10":4.4,"11":4.4,"12":4.4,"13":4.4,"14":4.458,"15":6.222,"16":5.786,"17":6.2,"18":6.564,"19":6.262},"c":{"0":4.14,"1":4.2,"2":4.11,"3":4.176,"4":4.174,"5":4.074,"6":4.2,"7":4.3,"8":4.269,"9":4.398,"10":4.4,"11":4.302,"12":4.468,"13":4.45,"14":6.22,"15":5.786,"16":6.2,"17":6.6,"18":6.4,"19":5.98},"h":{"0":4.396,"1":4.31,"2":4.2,"3":4.29,"4":4.272,"5":4.288,"6":4.276,"7":4.3,"8":4.36,"9":4.776,"10":4.598,"11":4.4,"12":4.468,"13":4.6,"14":9.0,"15":6.96,"16":6.202,"17":6.68,"18":7.0,"19":6.6},"l":{"0":4.08,"1":4.02,"2":4.11,"3":4.16,"4":3.99,"5":4.0,"6":4.074,"7":4.16,"8":4.102,"9":4.24,"10":4.302,"11":4.204,"12":4.3,"13":4.3,"14":4.4,"15":5.282,"16":5.636,"17":5.78,"18":6.1,"19":5.626},"t":{"0":1654526700000,"1":1654540200000,"2":1654553700000,"3":1654594200000,"4":1654607700000,"5":1654621200000,"6":1654634700000,"7":1654675200000,"8":1654688700000,"9":1654702200000,"10":1654715700000,"11":1654729200000,"12":1654756200000,"13":1654769700000,"14":1654783200000,"15":1654796700000,"16":1654810200000,"17":1654837200000,"18":1654850700000,"19":1654864200000},"n":{"0":389,"1":334,"2":15,"3":12,"4":410,"5":558,"6":21,"7":8,"8":302,"9":1354,"10":235,"11":24,"12":6,"13":207,"14":31633,"15":7237,"16":180,"17":357,"18":950,"19":5981}}