{"v":{"0":976927.7138000003,"1":485864.7858999998,"2":10309.0001,"3":847221.1423000002,"4":1120268.4998999997,"5":540400.7144999999,"6":9099.9999,"7":1503726.714200001,"8":1269894.7853999997,"9":17077.3571,"10":21918.9283,"11":884280.4280000003,"12":646439.8571999999,"13":1300.0,"14":224460.7853,"15":366155.2136999998,"16":233146.6428,"17":1485.7144,"18":348443.6429000002,"19":705299.2135000004,"20":179025.7857,"21":2785.7143,"22":185.7143,"23":880418.4988000003,"24":447217.6424000001,"25":1113.3572,"26":138848.3566,"27":812759.9997000003,"28":334107.4286000001,"29":12117.8571,"30":608752.8571,"31":2345925.2141000004,"32":68923.2142,"33":3807.1429,"34":19294.7856,"35":1573024.1428000003,"36":927494.2856000002,"37":92.8571,"38":17042.9999,"39":1516960.7140999998,"40":807040.9284000001,"41":3714.2858,"42":243778.7857,"43":640119.9998,"44":385208.5716,"45":3992.8571,"46":538421.0001000001,"47":600742.0708,"48":557.1428,"49":185.7143,"50":752902.4286,"51":399888.3566000001,"52":278.5714,"53":272095.5710999999,"54":486050.4990000004,"55":230077.7143000001,"56":3250.0,"57":605214.9999999998,"58":493687.0710000002,"59":171105.9997,"60":278.5713,"61":958601.4284999998,"62":489302.3574,"63":4735.7143,"64":161480.4283,"65":607160.3569999998,"66":482675.1427999999,"67":371.4285,"68":515659.8568000001,"69":513788.7859,"70":137461.0715,"71":5548.2143,"72":15331.6427,"73":3571262.5003999998,"74":992472.0006000001,"75":60128.7144,"76":60905.9285,"77":1649341.5721000012,"78":926966.8569000001,"79":2543.3571,"80":649647.1428,"81":675381.5713000002,"82":379154.2863,"83":6778.5714,"84":1352840.3570999999,"85":636249.7141,"86":1407.7143,"87":4735.7143,"88":53320.4287,"89":864037.5714,"90":312185.7134,"91":92.8571,"92":308782.5001000001},"vw":{"0":5.7579,"1":5.8337,"2":5.782,"3":5.6273,"4":5.6049,"5":5.6669,"6":5.5796,"7":5.5484,"8":5.5707,"9":5.7263,"10":5.7405,"11":5.7338,"12":5.737,"13":5.6523,"14":5.7603,"15":5.7569,"16":5.7712,"17":5.7131,"18":5.7005,"19":5.7006,"20":5.6948,"21":5.6646,"22":5.6108,"23":5.7076,"24":5.714,"25":5.67,"26":5.6662,"27":5.6561,"28":5.6637,"29":5.5895,"30":5.4596,"31":5.4965,"32":5.5093,"33":5.6194,"34":5.5862,"35":5.6282,"36":5.647,"37":5.7292,"38":5.7776,"39":5.823,"40":5.7891,"41":5.8628,"42":5.9841,"43":6.0202,"44":6.0434,"45":5.9664,"46":5.9437,"47":5.9238,"48":5.8549,"49":5.8692,"50":5.9293,"51":5.9647,"52":5.9015,"53":5.9494,"54":5.9238,"55":5.9017,"56":6.0566,"57":6.1071,"58":6.1033,"59":6.1004,"60":6.0666,"61":6.0439,"62":6.0343,"63":6.1874,"64":6.1717,"65":6.1763,"66":6.2523,"67":6.1734,"68":6.1165,"69":6.1211,"70":6.1555,"71":6.5857,"72":6.5541,"73":6.6249,"74":6.6917,"75":6.7981,"76":6.8115,"77":6.8168,"78":6.7998,"79":6.7635,"80":6.7842,"81":6.7644,"82":6.7234,"83":6.6555,"84":6.6568,"85":6.6999,"86":6.6715,"87":6.6879,"88":6.6885,"89":6.6574,"90":6.6725,"91":6.6769,"92":6.6798},"o":{"0":5.7831,"1":5.7777,"2":5.8046,"3":5.7292,"4":5.6108,"5":5.6431,"6":5.6754,"7":5.6109,"8":5.53,"9":5.7292,"10":5.7077,"11":5.6969,"12":5.7307,"13":5.6862,"14":5.7508,"15":5.7745,"16":5.7786,"17":5.7077,"18":5.7185,"19":5.6969,"20":5.6915,"21":5.6646,"22":5.6108,"23":5.6431,"24":5.7562,"25":5.6754,"26":5.6646,"27":5.6538,"28":5.6538,"29":5.6215,"30":5.5569,"31":5.46,"32":5.5031,"33":5.6,"34":5.6,"35":5.5892,"36":5.6269,"37":5.7292,"38":5.7723,"39":5.7831,"40":5.8154,"41":5.8585,"42":5.9015,"43":5.9985,"44":6.0415,"45":5.9985,"46":5.9123,"47":5.9392,"48":5.8692,"49":5.8692,"50":5.8692,"51":5.9446,"52":5.9015,"53":5.9123,"54":5.9446,"55":5.8962,"56":5.9662,"57":6.0846,"58":6.0846,"59":6.1008,"60":6.0738,"61":6.0415,"62":6.0254,"63":6.2031,"64":6.1815,"65":6.1654,"66":6.1923,"67":6.2138,"68":6.1708,"69":6.1008,"70":6.16,"71":6.5908,"72":6.5585,"73":6.4938,"74":6.6877,"75":6.7631,"76":6.8062,"77":6.8385,"78":6.79,"79":6.7738,"80":6.7631,"81":6.7631,"82":6.7469,"83":6.6554,"84":6.6662,"85":6.6662,"86":6.6877,"87":6.7092,"88":6.7308,"89":6.6662,"90":6.6769,"91":6.6769,"92":6.6769},"c":{"0":5.7777,"1":5.8585,"2":5.7508,"3":5.6215,"4":5.6485,"5":5.6862,"6":5.5462,"7":5.53,"8":5.6,"9":5.6969,"10":5.6969,"11":5.7346,"12":5.74,"13":5.6646,"14":5.7723,"15":5.7815,"16":5.7615,"17":5.7185,"18":5.6969,"19":5.6915,"20":5.6969,"21":5.6646,"22":5.6108,"23":5.7562,"24":5.7077,"25":5.6431,"26":5.6592,"27":5.6592,"28":5.6646,"29":5.5785,"30":5.46,"31":5.5031,"32":5.5031,"33":5.6108,"34":5.5892,"35":5.6269,"36":5.6431,"37":5.7292,"38":5.7831,"39":5.8154,"40":5.7777,"41":5.8908,"42":6.0012,"43":6.0308,"44":6.0523,"45":5.9123,"46":5.9446,"47":5.9285,"48":5.8585,"49":5.8692,"50":5.9554,"51":5.9877,"52":5.9015,"53":5.9446,"54":5.8962,"55":5.7831,"56":6.0738,"57":6.0846,"58":6.1062,"59":6.1008,"60":6.0523,"61":6.0254,"62":6.0415,"63":6.1815,"64":6.1654,"65":6.1815,"66":6.2677,"67":6.16,"68":6.0954,"69":6.16,"70":6.1492,"71":6.58,"72":6.5046,"73":6.6877,"74":6.6985,"75":6.7954,"76":6.8277,"77":6.7954,"78":6.8062,"79":6.7631,"80":6.7685,"81":6.7469,"82":6.6985,"83":6.6662,"84":6.6608,"85":6.6931,"86":6.7631,"87":6.6985,"88":6.6554,"89":6.6769,"90":6.6769,"91":6.6769,"92":6.7092},"h":{"0":5.8046,"1":5.8692,"2":5.8046,"3":5.7292,"4":5.6538,"5":5.6969,"6":5.6754,"7":5.6109,"8":5.6054,"9":5.74,"10":5.7831,"11":5.7583,"12":5.7485,"13":5.6862,"14":5.7938,"15":5.7831,"16":5.783,"17":5.7185,"18":5.7454,"19":5.7292,"20":5.706,"21":5.6646,"22":5.6108,"23":5.7615,"24":5.7562,"25":5.6754,"26":5.6969,"27":5.6862,"28":5.6862,"29":5.6323,"30":5.5569,"31":5.5339,"32":5.5138,"33":5.6215,"34":5.6,"35":5.67,"36":5.67,"37":5.7292,"38":5.7938,"39":5.8477,"40":5.8154,"41":5.8908,"42":6.02,"43":6.0523,"44":6.0523,"45":6.0308,"46":5.9877,"47":5.9538,"48":5.8692,"49":5.8692,"50":5.9715,"51":5.9877,"52":5.9015,"53":5.9769,"54":5.9662,"55":5.9123,"56":6.0738,"57":6.1331,"58":6.1361,"59":6.1062,"60":6.0738,"61":6.0792,"62":6.0523,"63":6.2138,"64":6.2138,"65":6.2031,"66":6.2847,"67":6.2138,"68":6.1708,"69":6.16,"70":6.16,"71":6.5908,"72":6.6123,"73":6.7092,"74":6.7254,"75":6.8277,"76":6.8385,"77":6.866,"78":6.8223,"79":6.7738,"80":6.8062,"81":6.8008,"82":6.7523,"83":6.6662,"84":6.6823,"85":6.72,"86":6.7631,"87":6.7092,"88":6.7415,"89":6.6823,"90":6.6877,"91":6.6769,"92":6.72},"l":{"0":5.7237,"1":5.7723,"2":5.7508,"3":5.6,"4":5.5677,"5":5.6335,"6":5.5462,"7":5.5138,"8":5.5188,"9":5.6862,"10":5.6969,"11":5.6969,"12":5.7292,"13":5.6431,"14":5.7238,"15":5.7292,"16":5.7615,"17":5.6969,"18":5.6754,"19":5.6796,"20":5.6862,"21":5.6646,"22":5.6108,"23":5.6215,"24":5.6794,"25":5.6431,"26":5.6431,"27":5.5946,"28":5.6431,"29":5.5677,"30":5.4331,"31":5.4492,"32":5.5031,"33":5.6,"34":5.5462,"35":5.5677,"36":5.6269,"37":5.7292,"38":5.7615,"39":5.7723,"40":5.7562,"41":5.8585,"42":5.9015,"43":5.9877,"44":6.0308,"45":5.9123,"46":5.9069,"47":5.8908,"48":5.8477,"49":5.8692,"50":5.8692,"51":5.9338,"52":5.9015,"53":5.8908,"54":5.88,"55":5.7831,"56":5.9662,"57":6.0631,"58":6.0738,"59":6.0954,"60":6.0523,"61":6.02,"62":6.02,"63":6.1708,"64":6.1546,"65":6.16,"66":6.1815,"67":6.16,"68":6.09,"69":6.09,"70":6.1492,"71":6.58,"72":6.4938,"73":6.4938,"74":6.6662,"75":6.7631,"76":6.7738,"77":6.7738,"78":6.7631,"79":6.7631,"80":6.7523,"81":6.7254,"82":6.6985,"83":6.6554,"84":6.6231,"85":6.6662,"86":6.4615,"87":6.6662,"88":6.6015,"89":6.6231,"90":6.6554,"91":6.6769,"92":6.6338},"t":{"0":1656680400000,"1":1656695700000,"2":1657001700000,"3":1657017000000,"4":1657032300000,"5":1657047600000,"6":1657093500000,"7":1657108800000,"8":1657124100000,"9":1657170000000,"10":1657185300000,"11":1657200600000,"12":1657215900000,"13":1657261800000,"14":1657277100000,"15":1657292400000,"16":1657307700000,"17":1657521900000,"18":1657537200000,"19":1657552500000,"20":1657567800000,"21":1657598400000,"22":1657613700000,"23":1657629000000,"24":1657644300000,"25":1657690200000,"26":1657705500000,"27":1657720800000,"28":1657736100000,"29":1657782000000,"30":1657797300000,"31":1657812600000,"32":1657827900000,"33":1657858500000,"34":1657873800000,"35":1657889100000,"36":1657904400000,"37":1658118600000,"38":1658133900000,"39":1658149200000,