{"v":{"0":300.0,"1":40111.0,"2":136158.0,"3":3993.0,"4":25699.0,"5":150965.0,"6":68170.0,"7":10217.0,"8":69158.0,"9":89226.0,"10":5403.0,"11":82847.0,"12":63362.0,"13":166529.0,"14":127056.0,"15":168096.0,"16":160873.0,"17":200285.0,"18":198847.0,"19":124817.0,"20":176740.0,"21":97248.0,"22":220324.0,"23":230277.0,"24":547309.0,"25":191280.0},"vw":{"0":144.19,"1":145.0731,"2":143.7455,"3":142.5038,"4":140.9913,"5":140.9688,"6":141.5094,"7":142.5353,"8":143.6655,"9":145.4687,"10":143.6363,"11":145.2506,"12":146.3265,"13":149.846,"14":150.7836,"15":153.1911,"16":153.2222,"17":148.5285,"18":146.6128,"19":145.5844,"20":145.4676,"21":144.7869,"22":142.3855,"23":137.5902,"24":134.3971,"25":134.9119},"o":{"0":144.19,"1":145.72,"2":145.84,"3":142.34,"4":142.33,"5":139.59,"6":141.31,"7":141.54,"8":142.19,"9":144.98,"10":144.56,"11":143.93,"12":146.045,"13":147.24,"14":151.065,"15":151.66,"16":153.11,"17":148.31,"18":147.74,"19":145.89,"20":146.27,"21":144.84,"22":142.855,"23":140.13,"24":135.565,"25":133.46},"c":{"0":144.19,"1":145.81,"2":142.32,"3":144.051753,"4":139.55,"5":141.19,"6":141.55,"7":142.8505,"8":144.86,"9":145.43,"10":143.725,"11":146.13,"12":146.46,"13":150.99,"14":150.81,"15":153.07,"16":152.79,"17":147.85,"18":146.15,"19":146.165,"20":145.86,"21":142.94,"22":142.5,"23":135.565,"24":134.242,"25":134.39},"h":{"0":144.19,"1":146.23,"2":146.7,"3":144.051753,"4":142.685,"5":141.93,"6":141.825,"7":143.25,"8":144.86,"9":145.79,"10":145.045,"11":146.52,"12":146.73,"13":151.2999,"14":151.35,"15":154.27,"16":153.805,"17":149.44,"18":148.63,"19":146.46,"20":146.475,"21":146.74,"22":143.79,"23":140.84,"24":135.7,"25":136.11},"l":{"0":144.19,"1":143.88,"2":141.92,"3":142.34,"4":139.255,"5":139.55,"6":141.06,"7":141.31,"8":142.19,"9":144.91,"10":142.56,"11":143.5,"12":145.83,"13":146.07,"14":150.38,"15":151.64,"16":152.67,"17":147.79,"18":145.87,"19":143.98,"20":144.195,"21":142.84,"22":141.545,"23":135.45,"24":132.91,"25":132.8383},"t":{"0":1662063300000,"1":1662114600000,"2":1662131700000,"3":1662148800000,"4":1662456600000,"5":1662473700000,"6":1662490800000,"7":1662542100000,"8":1662559200000,"9":1662576300000,"10":1662627600000,"11":1662644700000,"12":1662661800000,"13":1662730200000,"14":1662747300000,"15":1662986700000,"16":1663003800000,"17":1663072200000,"18":1663089300000,"19":1663157700000,"20":1663174800000,"21":1663243200000,"22":1663260300000,"23":1663328700000,"24":1663345800000,"25":1663585200000},"n":{"0":1,"1":1324,"2":5436,"3":13,"4":821,"5":5167,"6":2403,"7":348,"8":2588,"9":2838,"10":130,"11":2377,"12":2034,"13":4406,"14":3545,"15":4578,"16":4783,"17":4424,"18":5311,"19":4514,"20":6042,"21":2743,"22":6888,"23":4949,"24":11370,"25":5356}}