{"v":{"0":70077.0,"1":174717.0,"2":63129.0,"3":221662.0,"4":11716.0,"5":83111.0,"6":254495.0,"7":159040.0,"8":18046.0,"9":296406.0,"10":195404.0,"11":11027.0,"12":215027.0,"13":129229.0,"14":140048.0,"15":141845.0,"16":143.0,"17":115331.0,"18":107291.0,"19":143474.0,"20":183185.0,"21":100.0,"22":231605.0,"23":276398.0,"24":86186.0,"25":189355.0,"26":118899.0,"27":279739.0,"28":465763.0,"29":380248.0,"30":987.0,"31":80998.0},"vw":{"0":17.45,"1":17.2955,"2":17.3073,"3":16.8834,"4":16.8155,"5":16.6673,"6":16.7034,"7":16.5237,"8":16.9192,"9":17.085,"10":17.4431,"11":17.2709,"12":17.8002,"13":17.8821,"14":18.3868,"15":18.8251,"16":19.0,"17":18.9327,"18":18.8515,"19":18.0797,"20":18.1434,"21":18.53,"22":18.5491,"23":18.2599,"24":18.5862,"25":18.4393,"26":17.7453,"27":17.7646,"28":17.3405,"29":17.5666,"30":18.4912,"31":17.5641},"o":{"0":18.05,"1":17.06,"2":17.76,"3":17.43,"4":16.78,"5":16.71,"6":16.96,"7":16.57,"8":16.55,"9":17.02,"10":17.56,"11":17.15,"12":17.77,"13":17.88,"14":18.2,"15":18.915,"16":19.0,"17":18.95,"18":19.06,"19":18.0,"20":18.39,"21":18.53,"22":18.1,"23":18.56,"24":17.89,"25":18.55,"26":18.02,"27":17.55,"28":17.65,"29":17.46,"30":20.5,"31":17.57},"c":{"0":17.09,"1":17.59,"2":17.48,"3":16.78,"4":17.069061,"5":16.9,"6":16.57,"7":16.42,"8":17.03,"9":17.545,"10":17.44,"11":17.37,"12":17.845,"13":18.25,"14":18.915,"15":18.74,"16":19.0,"17":19.06,"18":18.81,"19":18.3,"20":18.2,"21":18.53,"22":18.54,"23":18.08,"24":18.57,"25":18.5,"26":17.51,"27":17.87,"28":17.445,"29":17.55,"30":17.6,"31":17.67},"h":{"0":18.05,"1":17.6,"2":17.76,"3":17.6414,"4":17.069061,"5":16.96,"6":17.04,"7":16.7,"8":17.3,"9":17.55,"10":17.6,"11":17.37,"12":18.01,"13":18.78,"14":18.93,"15":19.045,"16":19.0,"17":19.2699,"18":19.06,"19":18.3813,"20":18.43,"21":18.53,"22":18.77,"23":18.6,"24":19.05,"25":18.785,"26":18.2619,"27":17.95,"28":18.1,"29":17.8,"30":20.5,"31":17.93},"l":{"0":17.08,"1":16.901,"2":16.88,"3":16.66,"4":16.78,"5":16.25,"6":16.28,"7":16.42,"8":16.45,"9":16.61,"10":17.35,"11":17.15,"12":17.55,"13":17.75,"14":17.98,"15":18.68,"16":19.0,"17":18.6064,"18":18.73,"19":17.54,"20":17.9,"21":18.53,"22":17.825,"23":18.03,"24":17.7,"25":18.14,"26":17.335,"27":17.48,"28":15.96,"29":17.35,"30":17.6,"31":17.2},"t":{"0":1662029100000,"1":1662046200000,"2":1662114600000,"3":1662131700000,"4":1662148800000,"5":1662456600000,"6":1662473700000,"7":1662490800000,"8":1662542100000,"9":1662559200000,"10":1662576300000,"11":1662627600000,"12":1662644700000,"13":1662661800000,"14":1662730200000,"15":1662747300000,"16":1662969600000,"17":1662986700000,"18":1663003800000,"19":1663072200000,"20":1663089300000,"21":1663106400000,"22":1663157700000,"23":1663174800000,"24":1663243200000,"25":1663260300000,"26":1663328700000,"27":1663345800000,"28":1663585200000,"29":1663602300000,"30":1663653600000,"31":1663670700000},"n":{"0":1591,"1":4171,"2":1254,"3":5603,"4":13,"5":1486,"6":5369,"7":2996,"8":355,"9":5238,"10":3147,"11":264,"12":3872,"13":2748,"14":2753,"15":2652,"16":1,"17":2606,"18":2898,"19":3198,"20":3122,"21":1,"22":2757,"23":4535,"24":2138,"25":4201,"26":2246,"27":4411,"28":6517,"29":6561,"30":23,"31":1862}}