{"v":{"0":3900,"1":33924,"2":10191,"3":8565,"4":33229,"5":28009,"6":15783,"7":8660,"8":29286,"9":21762,"10":28806,"11":6263,"12":21710,"13":8876,"14":8365,"15":41945,"16":800,"17":20331,"18":8627,"19":3002,"20":32040},"vw":{"0":20.4646,"1":20.4801,"2":20.4925,"3":20.0479,"4":20.0283,"5":19.5315,"6":19.4843,"7":18.75,"8":18.5415,"9":18.9322,"10":18.9803,"11":18.5681,"12":18.632,"13":18.6889,"14":18.4313,"15":18.321,"16":18.5,"17":18.6813,"18":18.5901,"19":18.674,"20":18.8603},"o":{"0":20.47,"1":20.51,"2":20.63,"3":20.21,"4":19.99,"5":19.8,"6":19.41,"7":19.2,"8":18.76,"9":18.92,"10":18.95,"11":18.55,"12":18.58,"13":18.69,"14":18.56,"15":18.435,"16":18.5,"17":18.6,"18":18.64,"19":18.66,"20":18.81},"c":{"0":20.49,"1":20.61,"2":20.36,"3":19.985,"4":19.97,"5":19.45,"6":19.57,"7":18.78,"8":18.5,"9":18.98,"10":19.02,"11":18.59,"12":18.6722,"13":18.69,"14":18.44,"15":18.4,"16":18.5,"17":18.64,"18":18.54,"19":18.8,"20":18.82},"h":{"0":20.49,"1":20.65,"2":20.71,"3":20.21,"4":20.11,"5":19.8,"6":19.58,"7":19.2,"8":18.76,"9":19.13,"10":19.09,"11":18.64,"12":18.79,"13":18.74,"14":18.63,"15":18.45,"16":18.5,"17":18.85,"18":18.64,"19":18.8,"20":18.92},"l":{"0":20.44,"1":20.29,"2":20.34,"3":19.8872,"4":19.91,"5":19.4,"6":19.37,"7":18.55,"8":18.46,"9":18.8,"10":18.84,"11":18.41,"12":18.51,"13":18.66,"14":18.33,"15":18.18,"16":18.5,"17":18.5,"18":18.54,"19":18.61,"20":18.74},"t":{"0":1663749900000,"1":1663768800000,"2":1663787700000,"3":1663844400000,"4":1663863300000,"5":1663938900000,"6":1663957800000,"7":1664184600000,"8":1664203500000,"9":1664279100000,"10":1664298000000,"11":1664354700000,"12":1664373600000,"13":1664392500000,"14":1664449200000,"15":1664468100000,"16":1664524800000,"17":1664543700000,"18":1664562600000,"19":1664789400000,"20":1664808300000},"n":{"0":25,"1":288,"2":141,"3":136,"4":336,"5":232,"6":191,"7":49,"8":355,"9":253,"10":338,"11":42,"12":181,"13":102,"14":68,"15":397,"16":2,"17":179,"18":94,"19":37,"20":303},"sma_20":{"0":21.228915,"1":21.162945,"2":21.071945,"3":20.96275,"4":20.84975,"5":20.72425,"6":20.61575,"7":20.49525,"8":20.37225,"9":20.26575,"10":20.16575,"11":20.03875,"12":19.92286,"13":19.81086,"14":19.68536,"15":19.56136,"16":19.45186,"17":19.34286,"18":19.24036,"19":19.14936,"20":19.06586},"sma_50":{"0":22.33693,"1":22.26113,"2":22.18573,"3":22.10523,"4":22.02423,"5":21.93223,"6":21.84913,"7":21.748968,"8":21.643768,"9":21.541566,"10":21.435166,"11":21.327966,"12":21.22561,"13":21.12961,"14":21.02581,"15":20.92881,"16":20.83441,"17":20.74201,"18":20.65021,"19":20.57861,"20":20.50251},"sma_100":{"0":23.02357,"1":22.991529,"2":22.954529,"3":22.909329,"4":22.862779,"5":22.820379,"6":22.777179,"7":22.728679,"8":22.675779,"9":22.631279,"10":22.588179,"11":22.536079,"12":22.484405,"13":22.432405,"14":22.378,"15":22.3225,"16":22.2679,"17":22.2145,"18":22.162,"19":22.1142,"20":22.0724},"rsi":{"0":29.4381039219,"1":33.1057376408,"2":29.648267195,"3":25.3684511511,"4":25.2116778115,"5":20.4853979873,"6":24.0249730834,"7":18.2616316555,"8":16.7297781199,"9":27.8959701405,"10":28.7533694659,"11":25.2740691493,"12":27.0903223605,"13":27.5012529118,"14":25.3409674931,"15":25.0025539819,"16":27.6054398643,"17":31.2052269543,"18":30.0556102148,"19":36.5959561844,"20":37.0833218746},"upper_bb":{"0":22.3848306795,"1":22.3009955723,"2":22.1574189978,"3":22.0226778774,"4":21.8188107227,"5":21.7370381007,"6":21.6352817553,"7":21.7673947907,"8":21.9043365545,"9":21.8760369146,"10":21.8264324057,"11":21.7756858228,"12":21.7013552983,"13":21.6043687075,"14":21.4944488226,"15":21.3656401071,"16":21.233410398,"17":21.0365522139,"18":20.8628933829,"19":20.6453060761,"20":20.4270921855},"lower_bb":{"0":20.0729993205,"1":20.0248944277,"2":19.9864710022,"3":19.9028221226,"4":19.8806892773,"5":19.7114618993,"6":19.5962182447,"7":19.2231052093,"8":18.8401634455,"9":18.6554630854,"10":18.5050675943,"11":18.3018141772,"12":18.1443647017,"13":18.0173512925,"14":17.8762711774,"15":17.7570798929,"16":17.670309602,"17":17.6491677861,"18":17.6178266171,"19":17.6534139239,"20":17.7046278145},"e26":{"0":21.3577660347,"1":21.3023759581,"2":21.2325703315,"3":21.1401577144,"4":21.0534793652,"5":20.9347031159,"6":20.8336139962,"7":20.6814944409,"8":20.5199022601,"9":20.405835426,"10":20.30318095,"11":20.1762786574,"12":20.0648654236,"13":19.9630235403,"14":19.8502069818,"15":19.7427842424,"16":19.6507261504,"17":19.5758575466,"18":19.499127358,"19":19.4473401463,"20":19.4008705058},"e12":{"0":20.8777482086,"1":20.8365561765,"2":20.7632398417,"3":20.6435106353,"4":20.5398936145,"5":20.3722176738,"6":20.2487995701,"7":20.0228304055,"8":19.7885488046,"9":19.6641566808,"10":19.565055653,"11":19.415047091,"12":19.3007629232,"13":19.2067993965,"14":19.0888302586,"15":18.9828563727,"16":18.9085707769,"17":18.8672521958,"18":18.8169057041,"19":18.8143048266,"20":18.8151810071},"MACD":{"0":-0.4800178261,"1":-0.4658197815,"2":-0.4693304899,"3":-0.4966470791,"4":-0.5135857507,"5":-0.5624854421,"6":-0.5848144261,"7":-0.6586640355,"8":-0.7313534555,"9":-0.7416787452,"10":-0.738125297,"11":-0.7612315664,"12":-0.7641025004,"13":-0.7562241438,"14":-0.7613767232,"15":-0.7599278697,"16":-0.7421553735,"17":-0.7086053508,"18":-0.6822216538,"19":-0.6330353197,"20":-0.5856894987},"e9":{"0":-0.4824470819,"1":-0.4791216219,"2":-0.4771633955,"3":-0.4810601322,"4":-0.4875652559,"5":-0.5025492931,"6":-0.5190023197,"7":-0.5469346629,"8":-0.5838184214,"9":-0.6153904862,"10":-0.6399374483,"11":-0.6641962719,"12":-0.6841775176,"13":-0.6985868429,"14":-0.7111448189,"15":-0.7209014291,"16":-0.725152218,"17":-0.7218428445,"18":-0.7139186064,"19":-0.6977419491,"20":-0.675331459},"HIST":{"0":0.0024292559,"1":0.0133018403,"2":0.0078329056,"3":-0.0155869469,"4":-0.0260204948,"5":-0.059936149,"6":-0.0658121064,"7":-0.1117293726,"8":-0.1475350341,"9":-0.126288259,"10":-0.0981878487,"11":-0.0970352945,"12":-0.0799249827,"13":-0.0576373009,"14":-0.0502319043,"15":-0.0390264406,"16":-0.0170031555,"17":0.0132374937,"18":0.0316969526,"19":0.0647066294,"20":0.0896419603}}