{"v":{"0":236509.0,"1":53772.0,"2":62773.0,"3":110047.0,"4":327234.0,"5":175230.0,"6":61312.0,"7":190752.0,"8":107784.0,"9":93029.0,"10":118004.0,"11":117247.0,"12":7142.0,"13":259081.0,"14":157485.0,"15":150.0,"16":62540.0,"17":118537.0,"18":29181.0,"19":177744.0,"20":73410.0,"21":200.0,"22":254563.0,"23":65423.0,"24":200.0,"25":144684.0,"26":448523.0,"27":363.0,"28":500.0,"29":140469.0,"30":85329.0,"31":14851.0,"32":98699.0,"33":17033.0,"34":213132.0,"35":221874.0,"36":320162.0,"37":288047.0,"38":81852.0,"39":252126.0,"40":121317.0,"41":37912.0,"42":35540.0,"43":83013.0,"44":11492.0,"45":299072.0,"46":343139.0,"47":741.0,"48":92804.0,"49":20113.0,"50":35808.0,"51":109696.0,"52":800.0,"53":47541.0,"54":85342.0,"55":84617.0,"56":172597.0,"57":60273.0,"58":225534.0,"59":503853.0,"60":100.0,"61":431002.0,"62":301254.0,"63":77970.0,"64":238218.0},"vw":{"0":0.9648,"1":0.9826,"2":0.9747,"3":0.9883,"4":0.9674,"5":0.9305,"6":0.9607,"7":0.9739,"8":1.0108,"9":0.9986,"10":1.0037,"11":0.9948,"12":0.9952,"13":1.0284,"14":0.9991,"15":1.04,"16":1.0093,"17":0.9888,"18":0.9893,"19":1.0069,"20":1.0251,"21":1.035,"22":1.0231,"23":1.022,"24":0.97,"25":1.0823,"26":1.1165,"27":1.0948,"28":1.12,"29":1.0851,"30":1.0776,"31":1.075,"32":1.0959,"33":1.1126,"34":1.0773,"35":1.0557,"36":0.9963,"37":1.0332,"38":1.0321,"39":1.0411,"40":1.0357,"41":1.0342,"42":1.0283,"43":1.0357,"44":1.0276,"45":0.9693,"46":0.9111,"47":0.9763,"48":0.9211,"49":0.9487,"50":0.9447,"51":0.9434,"52":0.9071,"53":0.9341,"54":0.9104,"55":0.9399,"56":0.9573,"57":0.9662,"58":0.9645,"59":0.9613,"60":0.98,"61":0.9711,"62":0.982,"63":0.9799,"64":0.9907},"o":{"0":0.99,"1":0.9701,"2":1.0,"3":0.9502,"4":0.99,"5":0.93,"6":0.91,"7":0.98,"8":1.01,"9":1.02,"10":0.9975,"11":1.01,"12":0.9996,"13":0.9417,"14":1.0114,"15":1.04,"16":1.04,"17":1.008,"18":0.99,"19":0.99,"20":1.01,"21":1.03,"22":1.03,"23":1.01,"24":0.952,"25":1.07,"26":1.09,"27":1.08,"28":1.12,"29":1.15,"30":1.0812,"31":1.08,"32":1.0794,"33":1.119,"34":1.08,"35":1.05,"36":1.07,"37":0.98,"38":1.05,"39":1.03,"40":1.05,"41":1.0304,"42":1.01,"43":1.0119,"44":1.035,"45":1.07,"46":0.9301,"47":0.9766,"48":0.8999,"49":0.94989,"50":0.8988,"51":0.93,"52":0.9071,"53":0.94,"54":0.927044,"55":0.945,"56":0.9139,"57":0.97145,"58":0.93,"59":0.96,"60":0.98,"61":0.93,"62":0.98,"63":0.96,"64":1.00015},"c":{"0":0.9701,"1":1.0,"2":0.9721,"3":0.9929,"4":0.933099,"5":0.9212,"6":0.98,"7":0.9943,"8":0.96,"9":0.9999,"10":1.0,"11":0.99,"12":0.991,"13":1.03,"14":1.0,"15":1.04,"16":1.01,"17":0.9861,"18":0.99,"19":1.01,"20":1.03,"21":1.04,"22":1.01,"23":0.988,"24":0.988,"25":1.095,"26":1.11,"27":1.07,"28":1.12,"29":1.09,"30":1.07,"31":1.0795,"32":1.1,"33":1.09,"34":1.0681,"35":1.08,"36":0.9773,"37":1.08,"38":1.03,"39":1.06,"40":1.035,"41":1.03,"42":1.0101,"43":1.03,"44":1.02,"45":0.932,"46":0.934,"47":0.9766,"48":0.9498,"49":0.9454,"50":0.959,"51":0.92,"52":0.9071,"53":0.929999,"54":0.9,"55":0.9455,"56":0.9722,"57":1.0,"58":0.96,"59":0.9889,"60":0.98,"61":0.98,"62":1.0003,"63":1.01,"64":0.9923},"h":{"0":0.9901,"1":1.0,"2":1.0,"3":1.0,"4":1.02,"5":0.9435,"6":0.98,"7":1.01,"8":1.02,"9":1.02,"10":1.01,"11":1.03,"12":0.9996,"13":1.06,"14":1.02,"15":1.04,"16":1.05,"17":1.01,"18":0.99,"19":1.04,"20":1.04,"21":1.04,"22":1.07,"23":1.05,"24":0.988,"25":1.1,"26":1.15,"27":1.15,"28":1.12,"29":1.15,"30":1.1,"31":1.1,"32":1.12,"33":1.12,"34":1.11,"35":1.1,"36":1.07,"37":1.1,"38":1.05,"39":1.06,"40":1.06,"41":1.05,"42":1.05,"43":1.0575,"44":1.04,"45":1.07,"46":0.942,"47":0.9766,"48":0.9499,"49":0.9516,"50":0.989799,"51":0.9827,"52":0.9071,"53":0.9598,"54":0.9394,"55":0.99,"56":0.9895,"57":1.0,"58":0.9889,"59":0.9889,"60":0.98,"61":0.986,"62":1.01,"63":1.01,"64":1.01},"l":{"0":0.923,"1":0.97,"2":0.9401,"3":0.9502,"4":0.93,"5":0.92,"6":0.91,"7":0.9357,"8":0.96,"9":0.9753,"10":0.9951,"11":0.98,"12":0.99,"13":0.9417,"14":0.98,"15":1.04,"16":0.98,"17":0.98001,"18":0.986,"19":0.98,"20":1.01,"21":1.03,"22":0.99,"23":0.988,"24":0.952,"25":1.05,"26":1.09,"27":1.07,"28":1.12,"29":1.05,"30":1.06,"31":1.05,"32":1.07,"33":1.09,"34":1.04,"35":1.0298,"36":0.97,"37":0.97865,"38":1.02,"39":1.02,"40":1.01,"41":1.02,"42":1.0016,"43":1.0119,"44":1.02,"45":0.93,"46":0.8945,"47":0.9766,"48":0.8999,"49":0.9231,"50":0.8988,"51":0.92,"52":0.9071,"53":0.92,"54":0.9,"55":0.9084,"56":0.9133,"57":0.9504,"58":0.93,"59":0.912,"60":0.98,"61":0.92,"62":0.9512,"63":0.9401,"64":0.9612},"t":{"0":1661519700000,"1":1661538600000,"2":1661765400000,"3":1661784300000,"4":1661859900000,"5":1661878800000,"6":1661935500000,"7":1661954400000,"8":1661973300000,"9":1662030000000,"10":1662048900000,"11":1662124500000,"12":1662143400000,"13":1662464700000,"14":1662483600000,"15":1662502500000,"16":1662540300000,"17":1662559200000,"18":1662578100000,"19":1662634800000,"20":1662653700000,"21":1662710400000,"22":1662729300000,"23":1662748200000,"24":1662767100000,"25":1662975000000,"26":1662993900000,"27":1663012800000,"28":1663050600000,"29":1663069500000,"30":1663088400000,"31":1663145100000,"32":1663164000000,"33":1663182900000,"34":1663239600000,"35":1663258500000,"36":1663334100000,"37":1663353000000,"38":1663579800000,"39":1663598700000,"40":1663674300000,"41":1663693200000,"42":1663749900000,"43":1663768800000,"44":1663787700000,"45":1663844400000,"46":1663863300000,"47":1663920000000,"48":1663938900000,"49":1663957800000,"50":1664184600000,"51":1664203500000,"52":1664222400000,"53":1664279100000,"54":1664298000000,"55":1664354700000,"56":1664373600000,"57":1664392500000,"58":1664449200000,"59":1664468100000,"60":1664487000000,"61":1664543700000,"62":1664562600000,"63":1664789400000,"64":1664808300000},"n":{"0":454,"1":276,"2":129,"3":267,"4":1026,"5":724,"6":129,"7":521,"8":379,"9":466,"10":610,"11":251,"12":29,"13":879,"14":204,"15":2,"16":101,"17":235,"18":104,"19":423,"20":314,"21":2,"22":749,"23":228,"24":2,"25":507,"26":1509,"27":3,"28":1,"29":525,"30":203,"31":126,"32":400,"33":98,"34":604,"35":554,"36":674,"37":719,"38":364,"39":697,"40":205,"41":62,"42":106,"43":205,"44":65,"45":925,"46":1314,"47":5,"48":387,"49":190,"50":176,"51":575,"52":1,"53":172,"54":225,"55":258,"56":949,"57":388,"58":687,"59":1538,"60":1,"61":1989,"62":969,"63":595,"64":1570}}