{"v":{"0":40.12,"1":179061.48,"2":35027.96,"3":400.0,"4":65183.64,"5":26045.08,"6":533.72,"7":244541.4400000002,"8":1030.68,"9":20764.64,"10":44213.24,"11":516.6,"12":53.68,"13":132703.0000000001,"14":183298.92,"15":924.08,"16":82664.68,"17":14317.24,"18":1908.56,"19":62926.12,"20":9706.64,"21":13784.04,"22":42470.08,"23":459.88,"24":41414.04,"25":59732.04,"26":194.88,"27":58.24,"28":47954.88,"29":18156.16,"30":15927.64,"31":57405.0,"32":540.6,"33":31307.08,"34":67158.48,"35":48.0,"36":84084.72,"37":46374.44,"38":1295.44,"39":89381.2799999999,"40":23844.8,"41":30704.36,"42":187848.4399999999,"43":454.72,"44":31975.28,"45":60017.6,"46":354.52,"47":35588.16,"48":24798.88,"49":72804.64,"50":12140.88,"51":5886.72,"52":50633.76,"53":339.44,"54":41050.68,"55":45647.56,"56":255.4,"57":52075.48,"58":31000.12,"59":933.12,"60":145548.9999999998,"61":6486.8,"62":13535.72},"vw":{"0":5.875,"1":6.1665,"2":6.4195,"3":6.3025,"4":6.1808,"5":6.1589,"6":6.1894,"7":6.605,"8":6.5498,"9":6.7749,"10":7.0459,"11":7.066,"12":7.1623,"13":7.6486,"14":8.055,"15":7.6809,"16":6.9787,"17":6.9274,"18":7.0416,"19":6.7031,"20":6.6689,"21":6.7454,"22":6.6292,"23":6.5298,"24":6.5041,"25":6.908,"26":7.2111,"27":7.2292,"28":6.6816,"29":6.6661,"30":6.8348,"31":7.1132,"32":7.1427,"33":7.1331,"34":6.9772,"35":7.0137,"36":7.6756,"37":7.907,"38":7.9825,"39":7.9342,"40":7.7713,"41":8.0447,"42":7.8749,"43":8.1197,"44":7.4362,"45":7.4657,"46":7.6632,"47":7.3896,"48":7.2079,"49":6.8489,"50":6.7958,"51":6.7668,"52":6.7463,"53":6.7652,"54":6.6237,"55":6.5778,"56":6.4252,"57":6.324,"58":6.3206,"59":6.5253,"60":6.7235,"61":6.5068,"62":6.6947},"o":{"0":5.875,"1":5.92,"2":6.445,"3":6.425,"4":6.25,"5":6.255,"6":6.0475,"7":6.075,"8":6.595,"9":6.5025,"10":6.9,"11":7.09,"12":7.22,"13":7.1875,"14":7.6725,"15":7.7125,"16":7.585,"17":6.8125,"18":7.125,"19":7.0975,"20":6.655,"21":6.0475,"22":6.645,"23":6.75,"24":6.5,"25":6.4225,"26":7.25,"27":7.25,"28":7.1775,"29":6.6825,"30":7.0,"31":7.2025,"32":7.0,"33":7.2525,"34":7.0063,"35":7.125,"36":7.0,"37":7.9425,"38":8.1675,"39":8.25,"40":7.6763,"41":7.7975,"42":8.0038,"43":8.1225,"44":7.8,"45":7.3038,"46":7.6225,"47":7.45,"48":7.25,"49":7.25,"50":6.82,"51":6.9125,"52":6.7475,"53":6.825,"54":6.7425,"55":6.6975,"56":6.425,"57":6.7025,"58":6.2825,"59":6.5,"60":6.6225,"61":6.5225,"62":6.52},"c":{"0":5.875,"1":6.445,"2":6.425,"3":6.25,"4":6.2563,"5":6.47,"6":6.2425,"7":6.6775,"8":6.675,"9":6.9,"10":7.1475,"11":6.8,"12":7.1875,"13":7.6725,"14":7.7525,"15":7.5825,"16":6.8138,"17":7.25,"18":7.12,"19":6.6525,"20":6.5,"21":6.7875,"22":6.75,"23":6.5025,"24":6.4537,"25":7.25,"26":7.1625,"27":7.15,"28":6.6825,"29":6.965,"30":7.2012,"31":7.5,"32":7.5,"33":7.0025,"34":7.125,"35":7.005,"36":7.9425,"37":7.855,"38":8.25,"39":7.6763,"40":7.75,"41":8.005,"42":8.1225,"43":8.1225,"44":7.3038,"45":7.35,"46":7.75,"47":7.2975,"48":7.25,"49":6.7925,"50":6.9125,"51":6.725,"52":6.825,"53":6.5025,"54":6.6975,"55":6.425,"56":6.4275,"57":6.2825,"58":6.6175,"59":6.5,"60":6.5225,"61":6.75,"62":6.6475},"h":{"0":5.875,"1":6.5425,"2":6.55,"3":6.425,"4":6.69,"5":6.47,"6":6.2425,"7":6.9375,"8":6.77,"9":6.9,"10":7.1875,"11":7.125,"12":7.22,"13":8.245,"14":8.475,"15":7.875,"16":7.6475,"17":7.6475,"18":7.125,"19":7.12,"20":6.95,"21":7.0,"22":7.0,"23":6.75,"24":6.985,"25":7.255,"26":7.25,"27":7.25,"28":7.225,"29":7.0,"30":7.225,"31":8.0,"32":7.5,"33":7.4425,"34":7.2425,"35":7.125,"36":8.125,"37":8.125,"38":8.25,"39":8.55,"40":8.075,"41":8.1675,"42":8.1425,"43":8.25,"44":8.3525,"45":7.7475,"46":7.75,"47":7.75,"48":7.375,"49":7.25,"50":6.945,"51":6.9125,"52":7.1975,"53":6.92,"54":6.8475,"55":6.75,"56":6.4275,"57":6.7475,"58":6.625,"59":6.7175,"60":7.3475,"61":6.75,"62":7.0},"l":{"0":5.875,"1":5.675,"2":6.25,"3":6.25,"4":6.0025,"5":6.0125,"6":6.045,"7":6.0025,"8":6.3775,"9":6.375,"10":6.7525,"11":6.7875,"12":7.1175,"13":6.7675,"14":7.5,"15":7.5825,"16":6.765,"17":6.81,"18":7.0,"19":6.505,"20":6.5,"21":6.0025,"22":6.375,"23":6.44,"24":6.25,"25":6.41,"26":7.1625,"27":7.15,"28":6.5125,"29":6.5675,"30":6.56,"31":7.0238,"32":6.875,"33":7.0,"34":6.775,"35":7.0,"36":7.0,"37":7.75,"38":7.75,"39":7.515,"40":7.64,"41":7.625,"42":7.6275,"43":8.1,"44":7.125,"45":7.27,"46":7.525,"47":7.125,"48":7.04,"49":6.625,"50":6.75,"51":6.7025,"52":6.5,"53":6.5025,"54":6.425,"55":6.425,"56":6.425,"57":6.1775,"58":6.175,"59":6.3775,"60":6.2625,"61":6.4,"62":6.51},"t":{"0":1654210800000,"1":1654257600000,"2":1654281000000,"3":1654491600000,"4":1654515000000,"5":1654538400000,"6":1654585200000,"7":1654608600000,"8":1654632000000,"9":1654678800000,"10":1654702200000,"11":1654725600000,"12":1654749000000,"13":1654772400000,"14":1654795800000,"15":1654842600000,"16":1654866000000,"17":1654889400000,"18":1655100000000,"19":1655123400000,"20":1655146800000,"21":1655193600000,"22":1655217000000,"23":1655240400000,"24":1655287200000,"25":1655310600000,"26":1655334000000,"27":1655357400000,"28":1655380800000,"29":1655404200000,"30":1655451000000,"31":1655474400000,"32":1655497800000,"33":1655802000000,"34":1655825400000,"35":1655848800000,"36":1655895600000,"37":1655919000000,"38":1655965800000,"39":1655989200000,"40":1656012600000,"41":1656059400000,"42":1656082800000,"43":1656106200000,"44":1656316800000,"45":1656340200000,"46":1656363600000,"47":1656410400000,"48":1656433800000,"49":1656504000000,"50":1656527400000,"51":1656574200000,"52":1656597600000,"53":1656621000000,"54":1656667800000,"55":1656691200000,"56":1656714600000,"57":1657018800000,"58":1657042200000,"59":1657089000000,"60":1657112400000,"61":1657135800000,"62":1657182600000},"n":{"0":2,"1":5707,"2":2326,"3":3,"4":4443,"5":2895,"6":17,"7":10419,"8":39,"9":1379,"10":3556,"11":19,"12":8,"13":3858,"14":4697,"15":21,"16":4647,"17":1193,"18":37,"19":4676,"20":1491,"21":562,"22":3449,"23":26,"24":2107,"25":3980,"26":16,"27":13,"28":3436,"29":1641,"30":403,"31":4849,"32":21,"33":2304,"34":5242,"35":5,"36":4314,"37":3117,"38":47,"39":5874,"40":1499,"41":2551,"42":8823,"43":24,"44":1935,"45":4448,"46":14,"47":1764,"48":2312,"49":3084,"50":1012,"51":591,"52":5612,"53":15,"54":1675,"55":3850,"56":5,"57":2669,"58":2743,"59":46,"60":4275,"61":478,"62":1138}}