{"v":{"0":22551,"1":6484,"2":6018,"3":20962,"4":742,"5":35372,"6":11644,"7":41433,"8":12818,"9":7342,"10":2603,"11":40927,"12":826,"13":8961,"14":3960,"15":13357},"vw":{"0":7.0121,"1":6.9458,"2":6.7026,"3":6.7102,"4":6.6722,"5":6.5656,"6":6.7074,"7":6.6527,"8":6.7664,"9":6.896,"10":6.5725,"11":6.5375,"12":6.5698,"13":6.5943,"14":6.5606,"15":6.6105},"o":{"0":7.31,"1":6.87,"2":6.76,"3":6.69,"4":6.7,"5":6.68,"6":6.71,"7":6.8,"8":6.7,"9":6.91,"10":6.58,"11":6.51,"12":6.5,"13":6.6399,"14":6.6306,"15":6.6},"c":{"0":6.84,"1":6.97,"2":6.71,"3":6.85,"4":6.805,"5":6.55,"6":6.84,"7":6.7,"8":6.89,"9":6.9,"10":6.55,"11":6.57,"12":6.51,"13":6.56,"14":6.55,"15":6.58},"h":{"0":7.31,"1":6.97,"2":6.8,"3":6.85,"4":6.805,"5":6.81,"6":6.89,"7":6.88,"8":6.89,"9":6.93,"10":6.69,"11":6.63,"12":6.71,"13":6.66,"14":6.64,"15":6.69},"l":{"0":6.84,"1":6.87,"2":6.59,"3":6.69,"4":6.61,"5":6.363,"6":6.5205,"7":6.57,"8":6.5114,"9":6.8,"10":6.51,"11":6.51,"12":6.5,"13":6.51,"14":6.5,"15":6.56},"t":{"0":1663851600000,"1":1663875000000,"2":1663921800000,"3":1663945200000,"4":1664179200000,"5":1664202600000,"6":1664272800000,"7":1664296200000,"8":1664366400000,"9":1664389800000,"10":1664436600000,"11":1664460000000,"12":1664530200000,"13":1664553600000,"14":1664787600000,"15":1664811000000},"n":{"0":148,"1":59,"2":33,"3":215,"4":10,"5":305,"6":32,"7":407,"8":79,"9":61,"10":14,"11":264,"12":14,"13":57,"14":73,"15":256},"sma_20":{"0":7.043995,"1":7.051495,"2":7.042495,"3":7.030995,"4":7.008745,"5":6.95725,"6":6.92125,"7":6.89775,"8":6.88725,"9":6.88175,"10":6.86625,"11":6.85975,"12":6.85375,"13":6.84975,"14":6.84225,"15":6.81125},"sma_50":{"0":7.283938,"1":7.266938,"2":7.246738,"3":7.219938,"4":7.193438,"5":7.160438,"6":7.128038,"7":7.098038,"8":7.083638,"9":7.073238,"10":7.052238,"11":7.033638,"12":7.011038,"13":6.993238,"14":6.971938,"15":6.951538},"sma_100":{"0":7.220223,"1":7.216723,"2":7.210523,"3":7.204223,"4":7.199173,"5":7.193173,"6":7.190873,"7":7.187873,"8":7.187373,"9":7.188023,"10":7.185523,"11":7.183123,"12":7.179823,"13":7.173023,"14":7.168373,"15":7.161623},"rsi":{"0":43.6360986228,"1":47.3584699622,"2":41.4609124595,"3":45.4034775592,"4":44.3690915853,"5":38.953429541,"6":46.8924955525,"7":43.9227938978,"8":48.6735321392,"9":48.9188147625,"10":41.4521712736,"11":41.9969833246,"12":40.7712503212,"13":42.2830172512,"14":42.0518363667,"15":43.0576722055},"upper_bb":{"0":7.6037266668,"1":7.6025417187,"2":7.6102732201,"3":7.6048591338,"4":7.5813621697,"5":7.4979461887,"6":7.383098403,"7":7.3541025299,"8":7.333562081,"9":7.3243889166,"10":7.3331420195,"11":7.3398209926,"12":7.348680883,"13":7.3531748494,"14":7.3593519954,"15":7.3121321166},"lower_bb":{"0":6.4842633332,"1":6.5004482813,"2":6.4747167799,"3":6.4571308662,"4":6.4361278303,"5":6.4165538113,"6":6.459401597,"7":6.4413974701,"8":6.440937919,"9":6.4391110834,"10":6.3993579805,"11":6.3796790074,"12":6.358819117,"13":6.3463251506,"14":6.3251480046,"15":6.3103678834},"e26":{"0":7.069940302,"1":7.0625373166,"2":7.0364234413,"3":7.0226142975,"4":7.0064947199,"5":6.9726802962,"6":6.9628521261,"7":6.9433815983,"8":6.9394274058,"9":6.9365068572,"10":6.9078767197,"11":6.8828488145,"12":6.8552303838,"13":6.8333614665,"14":6.8123717282,"15":6.7951590076},"e12":{"0":7.0332025579,"1":7.0234790874,"2":6.9752515355,"3":6.9559820685,"4":6.932754058,"5":6.8738688183,"6":6.8686582309,"7":6.8427108107,"8":6.8499860706,"9":6.8576805213,"10":6.8103450565,"11":6.7733688939,"12":6.7328506026,"13":6.7062582022,"14":6.6822184788,"15":6.666492559},"MACD":{"0":-0.0367377441,"1":-0.0390582292,"2":-0.0611719058,"3":-0.066632229,"4":-0.0737406619,"5":-0.0988114779,"6":-0.0941938953,"7":-0.1006707875,"8":-0.0894413352,"9":-0.0788263359,"10":-0.0975316632,"11":-0.1094799206,"12":-0.1223797812,"13":-0.1271032643,"14":-0.1301532495,"15":-0.1286664487},"e9":{"0":-0.0607423622,"1":-0.0564055356,"2":-0.0573588096,"3":-0.0592134935,"4":-0.0621189272,"5":-0.0694574373,"6":-0.0744047289,"7":-0.0796579406,"8":-0.0816146196,"9":-0.0810569628,"10":-0.0843519029,"11":-0.0893775064,"12":-0.0959779614,"13":-0.102203022,"14":-0.1077930675,"15":-0.1119677437},"HIST":{"0":0.0240046181,"1":0.0173473064,"2":-0.0038130962,"3":-0.0074187355,"4":-0.0116217348,"5":-0.0293540406,"6":-0.0197891664,"7":-0.0210128469,"8":-0.0078267156,"9":0.0022306269,"10":-0.0131797603,"11":-0.0201024141,"12":-0.0264018198,"13":-0.0249002423,"14":-0.022360182,"15":-0.016698705}}