{"v":{"0":2428996.0,"1":1166884.0,"2":1059570.0,"3":1643569.0,"4":1517576.0,"5":872950.0,"6":1202796.0,"7":669649.0,"8":1186117.0,"9":2612355.0,"10":30346.0,"11":60550.0,"12":25967.0,"13":12184.0,"14":16005.0,"15":7575.0,"16":5628.0,"17":44110.0,"18":15148.0,"19":36762.0,"20":16133.0,"21":15404.0},"vw":{"0":33.7962,"1":34.2089,"2":33.9178,"3":33.3832,"4":32.8106,"5":33.0795,"6":33.445,"7":33.3707,"8":32.6152,"9":33.5486,"10":33.5638,"11":33.4784,"12":33.6459,"13":33.7347,"14":33.6343,"15":33.5526,"16":33.5923,"17":33.6332,"18":33.6894,"19":33.2625,"20":33.1257,"21":33.1047},"o":{"0":32.6499,"1":34.1706,"2":34.29,"3":34.0804,"4":33.59,"5":33.26,"6":33.16,"7":33.5801,"8":33.155,"9":32.605,"10":33.63,"11":33.3,"12":33.41,"13":33.72,"14":33.7,"15":33.68,"16":33.51,"17":33.61,"18":33.65,"19":33.36,"20":33.17,"21":33.2},"c":{"0":34.16,"1":34.2618,"2":34.1301,"3":33.62,"4":33.32,"5":33.145,"6":33.5796,"7":33.16,"8":32.6323,"9":33.625,"10":33.34,"11":33.48,"12":33.73,"13":33.78,"14":33.55,"15":33.65,"16":33.6,"17":33.66,"18":33.49,"19":33.15,"20":33.1,"21":32.8101},"h":{"0":34.6,"1":34.6,"2":34.3,"3":34.16,"4":33.73,"5":33.8,"6":33.9,"7":33.67,"8":33.16,"9":34.0199,"10":33.75,"11":33.61,"12":33.78,"13":33.8399,"14":33.75,"15":33.7,"16":33.69,"17":33.76,"18":33.79,"19":33.66,"20":33.38,"21":33.37},"l":{"0":32.6499,"1":33.85,"2":33.5,"3":32.51,"4":32.0,"5":32.6112,"6":32.7,"7":33.07,"8":32.16,"9":32.605,"10":33.0,"11":33.1,"12":33.41,"13":33.64,"14":33.5,"15":33.49,"16":33.5,"17":33.6,"18":33.49,"19":33.04,"20":33.04,"21":32.8101},"t":{"0":1652203800000,"1":1652204700000,"2":1652205600000,"3":1652206500000,"4":1652207400000,"5":1652208300000,"6":1652209200000,"7":1652210100000,"8":1652211000000,"9":1652211900000,"10":1652212800000,"11":1652213700000,"12":1652214600000,"13":1652215500000,"14":1652216400000,"15":1652217300000,"16":1652218200000,"17":1652219100000,"18":1652220000000,"19":1652220900000,"20":1652221800000,"21":1652222700000},"n":{"0":19056,"1":10292,"2":9412,"3":11982,"4":14545,"5":9711,"6":11255,"7":7412,"8":13997,"9":23858,"10":596,"11":445,"12":319,"13":267,"14":249,"15":134,"16":154,"17":213,"18":157,"19":367,"20":145,"21":222},"sma_20":{"0":32.3724,"1":32.45449,"2":32.490995,"3":32.472995,"4":32.237745,"5":32.153745,"6":32.155225,"7":32.160725,"8":32.22234,"9":32.394595,"10":32.570345,"11":32.730595,"12":32.848095,"13":32.992845,"14":33.117595,"15":33.214345,"16":33.330845,"17":33.435345,"18":33.52673,"19":33.55319,"20":33.50019,"21":33.427605},"sma_50":{"0":37.156958,"1":36.953994,"2":36.786196,"3":36.593596,"4":36.392196,"5":36.202496,"6":36.018088,"7":35.81549,"8":35.599936,"9":35.414436,"10":35.228636,"11":35.057636,"12":34.882236,"13":34.701836,"14":34.553436,"15":34.392236,"16":34.227036,"17":34.067836,"18":33.908236,"19":33.757836,"20":33.625636,"21":33.486438},"sma_100":{"0":57.058905,"1":56.578523,"2":56.104824,"3":55.627724,"4":55.141524,"5":54.658674,"6":54.17717,"7":53.69347,"8":53.209693,"9":52.731143,"10":52.255143,"11":51.789343,"12":51.324143,"13":50.859343,"14":50.387843,"15":49.921343,"16":49.448343,"17":48.980443,"18":48.509343,"19":48.034643,"20":47.518243,"21":47.029894},"rsi":{"0":49.3601254694,"1":49.7847050157,"2":49.2098724457,"3":46.9487519192,"4":45.6210892679,"5":44.8247771887,"6":47.2856158806,"7":45.1899992975,"8":42.6311421423,"9":48.5349439447,"10":47.0382992926,"11":47.8883924018,"12":49.4487813273,"13":49.7727125363,"14":48.2413325301,"15":48.9763873257,"16":48.6047069384,"17":49.1038599257,"18":47.6905891776,"19":44.9067988915,"20":44.4954641992,"21":42.0882905381},"upper_bb":{"0":36.2424234663,"1":36.4152153184,"2":36.5015578005,"3":36.4585730216,"4":35.2895351387,"5":34.990602516,"6":34.9951787927,"7":35.0083906677,"8":35.0539826748,"9":35.1202589693,"10":35.0396138136,"11":34.9787466408,"12":35.0440703162,"13":35.0190737889,"14":34.9382682098,"15":34.923423733,"16":34.7797153657,"17":34.6283671024,"18":34.3793368363,"19":34.3154817218,"20":34.231613123,"21":34.1282748674},"lower_bb":{"0":28.5023765337,"1":28.4937646816,"2":28.4804321995,"3":28.4874169784,"4":29.1859548613,"5":29.316887484,"6":29.3152712073,"7":29.3130593323,"8":29.3906973252,"9":29.6689310307,"10":30.1010761864,"11":30.4824433592,"12":30.6521196838,"13":30.9666162111,"14":31.2969217902,"15":31.505266267,"16":31.8819746343,"17":32.2423228976,"18":32.6741231637,"19":32.7908982782,"20":32.768766877,"21":32.7269351326},"e26":{"0":34.1089056141,"1":34.1202311241,"2":34.120962152,"3":34.0838538444,"4":34.0272720782,"5":33.9619185909,"6":33.9335986953,"7":33.8762950882,"8":33.7841473039,"9":33.7723586147,"10":33.7403320507,"11":33.7210481951,"12":33.7217112917,"13":33.7260289738,"14":33.7129897906,"15":33.7083238802,"16":33.700299889,"17":33.6973147121,"18":33.6819580667,"19":33.6425537655,"20":33.6023645977,"21":33.5436783312},"e12":{"0":32.2785407799,"1":32.583657583,"2":32.821571801,"3":32.9444069085,"4":33.0021904611,"5":33.0241611594,"6":33.1096132887,"7":33.1173650904,"8":33.0427396919,"9":33.1323182008,"10":33.1642692469,"11":33.2128432089,"12":33.2924057921,"13":33.3674202857,"14":33.3955094725,"15":33.4346618613,"16":33.460098498,"17":33.4908525753,"18":33.4907214098,"19":33.4383027314,"20":33.3862561573,"21":33.2976167485},"MACD":{"0":-1.8303648341,"1":-1.5365735411,"2":-1.299390351,"3":-1.1394469359,"4":-1.0250816171,"5":-0.9377574315,"6":-0.8239854066,"7":-0.7589299978,"8":-0.741407612,"9":-0.6400404139,"10":-0.5760628038,"11":-0.5082049862,"12":-0.4293054996,"13":-0.3586086882,"14":-0.3174803181,"15":-0.2736620188,"16":-0.240201391,"17":-0.2064621368,"18":-0.1912366569,"19":-0.2042510341,"20":-0.2161084403,"21":-0.2460615827},"e9":{"0":-2.6293751975,"1":-2.4108148662,"2":-2.1885299632,"3":-1.9787133577,"4":-1.7879870096,"5":-1.617941094,"6":-1.4591499565,"7":-1.3191059648,"8":-1.2035662942,"9":-1.0908611181,"10":-0.9879014553,"11":-0.8919621615,"12":-0.7994308291,"13":-0.7112664009,"14":-0.6325091843,"15":-0.5607397512,"16":-0.4966320792,"17":-0.4385980907,"18":-0.3891258039,"19":-0.35215085,"20":-0.324942368,"21":-0.309166211},"HIST":{"0":0.7990103634,"1":0.8742413251,"2":0.8891396122,"3":0.8392664218,"4":0.7629053925,"5":0.6801836625,"6":0.6351645499,"7":0.560175967,"8":0.4621586822,"9":0.4508207043,"10":0.4118386515,"11":0.3837571753,"12":0.3701253295,"13":0.3526577127,"14":0.3150288662,"15":0.2870777324,"16":0.2564306882,"17":0.2321359539,"18":0.1978891471,"19":0.1478998159,"20":0.1088339277,"21":0.0631046283}}