{"v":{"0":23216.0,"1":20241.0,"2":51277.0,"3":8943.0,"4":63659.0,"5":166821.0,"6":2849.0,"7":49208.0,"8":44019.0,"9":44745.0,"10":19151.0,"11":31562.0,"12":72162.0,"13":29787.0,"14":82013.0,"15":126460.0,"16":20239.0,"17":12131.0,"18":38945.0,"19":19304.0,"20":29032.0},"vw":{"0":12.1656,"1":12.4323,"2":12.451,"3":12.3198,"4":12.4131,"5":11.6062,"6":11.65,"7":11.6059,"8":12.0115,"9":12.0044,"10":11.8028,"11":11.7418,"12":11.84,"13":11.9583,"14":12.374,"15":11.8884,"16":12.0379,"17":12.4219,"18":12.2376,"19":12.2475,"20":12.4616},"o":{"0":12.205,"1":12.01,"2":12.69,"3":12.32,"4":12.33,"5":12.05,"6":11.65,"7":11.5,"8":11.97,"9":11.89,"10":12.01,"11":11.91,"12":11.685,"13":12.0,"14":12.3,"15":12.16,"16":11.99,"17":11.88,"18":12.65,"19":12.3,"20":12.14},"c":{"0":12.17,"1":12.705,"2":12.29,"3":12.475,"4":12.12,"5":11.7,"6":11.65,"7":11.99,"8":12.0,"9":12.02,"10":11.755,"11":11.7,"12":11.9,"13":12.26,"14":12.34,"15":12.01,"16":12.02,"17":12.59,"18":12.13,"19":12.04,"20":12.55},"h":{"0":12.22,"1":12.72,"2":12.75,"3":12.475,"4":12.72,"5":12.305,"6":11.65,"7":11.99,"8":12.17,"9":12.16,"10":12.04,"11":12.13,"12":12.09,"13":12.27,"14":12.735,"15":12.35,"16":12.21,"17":12.75,"18":12.8,"19":12.51,"20":12.63},"l":{"0":12.1,"1":11.88,"2":12.26,"3":11.91,"4":12.12,"5":11.225,"6":11.65,"7":11.01,"8":11.86,"9":11.64,"10":11.69,"11":11.54,"12":11.55,"13":11.9,"14":12.12,"15":11.64,"16":11.965,"17":11.88,"18":12.03,"19":11.91,"20":12.12},"t":{"0":1663615800000,"1":1663668000000,"2":1663694100000,"3":1663746300000,"4":1663772400000,"5":1663850700000,"6":1663876800000,"7":1663929000000,"8":1663955100000,"9":1664190000000,"10":1664216100000,"11":1664268300000,"12":1664294400000,"13":1664346600000,"14":1664372700000,"15":1664451000000,"16":1664477100000,"17":1664529300000,"18":1664555400000,"19":1664790300000,"20":1664816400000},"n":{"0":334,"1":477,"2":1036,"3":192,"4":1308,"5":2665,"6":5,"7":747,"8":693,"9":753,"10":442,"11":771,"12":1341,"13":57,"14":1373,"15":879,"16":407,"17":183,"18":655,"19":273,"20":563},"sma_20":{"0":12.70225,"1":12.7105,"2":12.698,"3":12.72175,"4":12.72825,"5":12.6825,"6":12.633,"7":12.6055,"8":12.554,"9":12.5145,"10":12.42975,"11":12.36075,"12":12.30075,"13":12.25675,"14":12.21275,"15":12.15525,"16":12.10225,"17":12.11975,"18":12.10025,"19":12.09325,"20":12.11225},"sma_50":{"0":12.330502,"1":12.346002,"2":12.349002,"3":12.353502,"4":12.358302,"5":12.356502,"6":12.355302,"7":12.350502,"8":12.3469,"9":12.3419,"10":12.3384,"11":12.3244,"12":12.3198,"13":12.3232,"14":12.3302,"15":12.3322,"16":12.3204,"17":12.32,"18":12.3128,"19":12.3018,"20":12.3138},"sma_100":{"0":12.871352,"1":12.844902,"2":12.809302,"3":12.783652,"4":12.751352,"5":12.720552,"6":12.692952,"7":12.671502,"8":12.639802,"9":12.608202,"10":12.577652,"11":12.547852,"12":12.526252,"13":12.502452,"14":12.481552,"15":12.467052,"16":12.447952,"17":12.430552,"18":12.404052,"19":12.376352,"20":12.355852},"rsi":{"0":43.8228442869,"1":51.7431608201,"2":46.291115739,"3":48.8771249541,"4":44.4539362485,"5":39.8582187635,"6":39.3368463627,"7":44.6398397542,"8":44.7927013418,"9":45.1190914578,"10":41.608926143,"11":40.8977645503,"12":44.6054334525,"13":50.6113757321,"14":51.8604497755,"15":46.6224553432,"16":46.7978147099,"17":55.7262648477,"18":48.6330121118,"19":47.3627544812,"20":54.5993610033},"upper_bb":{"0":13.583018056,"1":13.5879538524,"2":13.5926354741,"3":13.561927143,"4":13.5463110902,"5":13.6207430389,"6":13.6789616577,"7":13.6899688246,"8":13.651339366,"9":13.6297667842,"10":13.5024910783,"11":13.4349119745,"12":13.334339937,"13":13.2118541552,"14":13.0554803683,"15":12.8735995337,"16":12.6749763974,"17":12.7303362153,"18":12.681206335,"19":12.6735337328,"20":12.7269769398},"lower_bb":{"0":11.821481944,"1":11.8330461476,"2":11.8033645259,"3":11.881572857,"4":11.9101889098,"5":11.7442569611,"6":11.5870383423,"7":11.5210311754,"8":11.456660634,"9":11.3992332158,"10":11.3570089217,"11":11.2865880255,"12":11.267160063,"13":11.3016458448,"14":11.3700196317,"15":11.4369004663,"16":11.5295236026,"17":11.5091637847,"18":11.519293665,"19":11.5129662672,"20":11.4975230602},"e26":{"0":12.5774024942,"1":12.5868541613,"2":12.5648649641,"3":12.5582083001,"4":12.525748426,"5":12.464581876,"6":12.4042424777,"7":12.3735578498,"8":12.3458868979,"9":12.3217471277,"10":12.279765859,"11":12.2368202398,"12":12.2118705924,"13":12.2154357337,"14":12.2246627164,"15":12.2087617745,"16":12.1947794208,"17":12.2240550192,"18":12.2170879808,"19":12.2039703526,"20":12.2296021783},"e12":{"0":12.6169306339,"1":12.6304797671,"2":12.5780982645,"3":12.562236993,"4":12.4942005326,"5":12.3720158352,"6":12.260936476,"7":12.2192539412,"8":12.1855225656,"9":12.1600575555,"10":12.0977410085,"11":12.0365500841,"12":12.0155423789,"13":12.0531512437,"14":12.0972818216,"15":12.083853849,"16":12.0740301799,"17":12.1534101523,"18":12.1498085904,"19":12.1329149611,"20":12.1970818901},"MACD":{"0":0.0395281397,"1":0.0436256058,"2":0.0132333003,"3":0.0040286929,"4":-0.0315478935,"5":-0.0925660407,"6":-0.1433060018,"7":-0.1543039086,"8":-0.1603643323,"9":-0.1616895722,"10":-0.1820248505,"11":-0.2002701557,"12":-0.1963282135,"13":-0.16228449,"14":-0.1273808948,"15":-0.1249079254,"16":-0.1207492408,"17":-0.070644867,"18":-0.0672793904,"19":-0.0710553915,"20":-0.0325202882},"e9":{"0":0.1483205401,"1":0.1273815532,"2":0.1045519026,"3":0.0844472607,"4":0.0612482298,"5":0.0304853757,"6":-0.0042728998,"7":-0.0342791015,"8":-0.0594961477,"9":-0.0799348326,"10":-0.1003528362,"11":-0.1203363001,"12":-0.1355346828,"13":-0.1408846442,"14":-0.1381838943,"15":-0.1355287006,"16":-0.1325728086,"17":-0.1201872203,"18":-0.1096056543,"19":-0.1018956018,"20":-0.088020539},"HIST":{"0":-0.1087924004,"1":-0.0837559474,"2":-0.0913186023,"3":-0.0804185678,"4":-0.0927961233,"5":-0.1230514165,"6":-0.139033102,"7":-0.120024807,"8":-0.1008681846,"9":-0.0817547396,"10":-0.0816720143,"11":-0.0799338556,"12":-0.0607935308,"13":-0.0213998458,"14":0.0108029995,"15":0.0106207751,"16":0.0118235678,"17":0.0495423533,"18":0.0423262639,"19":0.0308402103,"20":0.0555002509}}