{"v":{"0":4648,"1":300,"2":28353,"3":1430,"4":650,"5":299,"6":100,"7":1500,"8":300,"9":1100,"10":250,"11":420,"12":180,"13":3400,"14":100,"15":1314,"16":300,"17":22782,"18":19918,"19":2700,"20":17356,"21":428,"22":182,"23":200,"24":102,"25":100,"26":200,"27":310},"vw":{"0":1.2098,"1":1.23,"2":1.1416,"3":1.1736,"4":1.19,"5":1.13,"6":1.1805,"7":1.1679,"8":1.1759,"9":1.1866,"10":1.2137,"11":1.2254,"12":1.2599,"13":1.1535,"14":1.19,"15":1.14,"16":1.14,"17":1.1079,"18":1.0365,"19":1.0314,"20":1.0549,"21":1.1,"22":1.1531,"23":1.11,"24":1.15,"25":1.1797,"26":1.161,"27":1.1665},"o":{"0":1.21,"1":1.23,"2":1.17,"3":1.14,"4":1.17,"5":1.13,"6":1.1805,"7":1.1767,"8":1.186,"9":1.1873,"10":1.205,"11":1.21,"12":1.2599,"13":1.17,"14":1.19,"15":1.14,"16":1.14,"17":1.12,"18":1.1,"19":0.99,"20":1.01,"21":1.1,"22":1.1531,"23":1.11,"24":1.15,"25":1.1797,"26":1.161,"27":1.16},"c":{"0":1.22,"1":1.23,"2":1.18,"3":1.17,"4":1.19,"5":1.13,"6":1.1805,"7":1.18,"8":1.1558,"9":1.18,"10":1.22,"11":1.22,"12":1.2599,"13":1.1395,"14":1.19,"15":1.14,"16":1.14,"17":1.11,"18":1.07,"19":1.06,"20":1.1342,"21":1.1,"22":1.1531,"23":1.11,"24":1.15,"25":1.1797,"26":1.161,"27":1.16},"h":{"0":1.22,"1":1.23,"2":1.25,"3":1.21,"4":1.2,"5":1.13,"6":1.1805,"7":1.1813,"8":1.186,"9":1.1873,"10":1.22,"11":1.22,"12":1.2599,"13":1.18,"14":1.19,"15":1.14,"16":1.14,"17":1.12,"18":1.1,"19":1.06,"20":1.1342,"21":1.1,"22":1.1531,"23":1.11,"24":1.15,"25":1.1797,"26":1.161,"27":1.18},"l":{"0":1.2,"1":1.23,"2":1.11,"3":1.14,"4":1.17,"5":1.13,"6":1.1805,"7":1.1301,"8":1.1558,"9":1.18,"10":1.205,"11":1.21,"12":1.2599,"13":1.13,"14":1.19,"15":1.14,"16":1.14,"17":1.085,"18":0.8503,"19":0.99,"20":1.01,"21":1.1,"22":1.1531,"23":1.11,"24":1.15,"25":1.1797,"26":1.161,"27":1.16},"t":{"0":1664368200000,"1":1664370000000,"2":1664371800000,"3":1664373600000,"4":1664375400000,"5":1664379000000,"6":1664380800000,"7":1664382600000,"8":1664384400000,"9":1664386200000,"10":1664391600000,"11":1664393400000,"12":1664458200000,"13":1664461800000,"14":1664465400000,"15":1664467200000,"16":1664469000000,"17":1664474400000,"18":1664476200000,"19":1664478000000,"20":1664479800000,"21":1664544600000,"22":1664546400000,"23":1664557200000,"24":1664803800000,"25":1664805600000,"26":1664807400000,"27":1664809200000},"n":{"0":10,"1":3,"2":80,"3":9,"4":5,"5":2,"6":1,"7":5,"8":2,"9":3,"10":3,"11":6,"12":1,"13":10,"14":1,"15":6,"16":3,"17":32,"18":67,"19":19,"20":60,"21":1,"22":1,"23":2,"24":2,"25":1,"26":1,"27":4},"sma_20":{"0":1.333085,"1":1.321085,"2":1.312585,"3":1.30158,"4":1.29358,"5":1.27758,"6":1.267105,"7":1.253605,"8":1.243395,"9":1.236395,"10":1.231895,"11":1.224235,"12":1.21973,"13":1.208285,"14":1.201785,"15":1.193285,"16":1.188785,"17":1.182285,"18":1.175285,"19":1.168285,"20":1.163995,"21":1.157495,"22":1.15615,"23":1.15315,"24":1.15115,"25":1.153635,"26":1.15266,"27":1.15166},"sma_50":{"0":1.379666,"1":1.374666,"2":1.368666,"3":1.360314,"4":1.354808,"5":1.349008,"6":1.343418,"7":1.339146,"8":1.33322,"9":1.32922,"10":1.32502,"11":1.32222,"12":1.319218,"13":1.314008,"14":1.309808,"15":1.304608,"16":1.298008,"17":1.292208,"18":1.286808,"19":1.281408,"20":1.276692,"21":1.270146,"22":1.266294,"23":1.261494,"24":1.256494,"25":1.251888,"26":1.248108,"27":1.244908},"sma_100":{"0":1.503849,"1":1.498549,"2":1.493549,"3":1.488049,"4":1.48246,"5":1.47496,"6":1.469065,"7":1.463465,"8":1.45714,"9":1.45204,"10":1.44724,"11":1.442439,"12":1.438038,"13":1.432034,"14":1.426654,"15":1.421755,"16":1.416914,"17":1.411714,"18":1.40568,"19":1.399685,"20":1.393527,"21":1.387027,"22":1.381168,"23":1.375268,"24":1.370068,"25":1.365165,"26":1.360075,"27":1.354375},"rsi":{"0":39.2729425672,"1":40.4463816376,"2":36.6346283432,"3":35.9058014112,"4":38.5393681136,"5":34.0228640181,"6":40.3582490559,"7":40.3169699056,"8":38.2763639323,"9":41.4668569429,"10":46.3987174633,"11":46.3987174633,"12":51.15942977,"13":39.7007672099,"14":45.2408297633,"15":41.2042951499,"16":41.2042951499,"17":38.7956032842,"18":35.7913263127,"19":35.0603580878,"20":44.1713637098,"21":41.2955140061,"22":47.0588249655,"23":43.3395949088,"24":47.4876173085,"25":50.3916237247,"26":48.5703431337,"27":48.4694574035},"upper_bb":{"0":1.4942403455,"1":1.4748882,"2":1.4780108718,"3":1.4744120584,"4":1.4717061954,"5":1.4540266056,"6":1.4402951477,"7":1.4078209317,"8":1.3949679246,"9":1.3859900812,"10":1.3775296326,"11":1.3538057452,"12":1.3365249188,"13":1.30723669,"14":1.2857880394,"15":1.2646334046,"16":1.2617184599,"17":1.259070039,"18":1.2657406018,"19":1.2714612167,"20":1.2652342575,"21":1.2575773761,"22":1.2556804238,"23":1.254522632,"24":1.2510288213,"25":1.2537709345,"26":1.2520716672,"27":1.2503131702},"lower_bb":{"0":1.1719296545,"1":1.1672818,"2":1.1471591282,"3":1.1287479416,"4":1.1154538046,"5":1.1011333944,"6":1.0939148523,"7":1.0993890683,"8":1.0918220754,"9":1.0867999188,"10":1.0862603674,"11":1.0946642548,"12":1.1029350812,"13":1.10933331,"14":1.1177819606,"15":1.1219365954,"16":1.1158515401,"17":1.105499961,"18":1.0848293982,"19":1.0651087833,"20":1.0627557425,"21":1.0574126239,"22":1.0566195762,"23":1.051777368,"24":1.0512711787,"25":1.0534990655,"26":1.0532483328,"27":1.0530068298},"e26":{"0":1.3262999661,"1":1.3191666353,"2":1.3088579957,"3":1.2985722182,"4":1.2905298317,"5":1.278638733,"6":1.2713691972,"7":1.2646011086,"8":1.2565417672,"9":1.2508720067,"10":1.2485851913,"11":1.2464677698,"12":1.2474627498,"13":1.2394655091,"14":1.2358013973,"15":1.2287049975,"16":1.2221342569,"17":1.2138280157,"18":1.2031740886,"19":1.1925686005,"20":1.1882450005,"21":1.1817083338,"22":1.179589198,"23":1.1744344426,"24":1.1726244838,"25":1.1731485962,"26":1.1722487001,"27":1.171341389},"e12":{"0":1.2773701256,"1":1.270082414,"2":1.2562235811,"3":1.2429584148,"4":1.2348109663,"5":1.2186862023,"6":1.2128114019,"7":1.2077634939,"8":1.1997691103,"9":1.1967277087,"10":1.2003080612,"11":1.2033375902,"12":1.2120394994,"13":1.2008795764,"14":1.1992057955,"15":1.1900972115,"16":1.1823899482,"17":1.1712530331,"18":1.1556756434,"19":1.1409563136,"20":1.1399168808,"21":1.1337758222,"22":1.1367487726,"23":1.1326335768,"24":1.1353053342,"25":1.1421352828,"26":1.145037547,"27":1.1473394629},"MACD":{"0":-0.0489298405,"1":-0.0490842213,"2":-0.0526344146,"3":-0.0556138034,"4":-0.0557188653,"5":-0.0599525307,"6":-0.0585577953,"7":-0.0568376146,"8":-0.0567726569,"9":-0.054144298,"10":-0.0482771302,"11":-0.0431301795,"12":-0.0354232503,"13":-0.0385859326,"14":-0.0365956018,"15":-0.0386077859,"16":-0.0397443087,"17":-0.0425749826,"18":-0.0474984452,"19":-0.0516122869,"20":-0.0483281197,"21":-0.0479325116,"22":-0.0428404253,"23":-0.0418008657,"24":-0.0373191496,"25":-0.0310133133,"26":-0.0272111531,"27":-0.0240019262},"e9":{"0":-0.0342684811,"1":-0.0372316291,"2":-0.0403121862,"3":-0.0433725097,"4":-0.0458417808,"5":-0.0486639308,"6":-0.0506427037,"7":-0.0518816859,"8":-0.0528598801,"9":-0.0531167637,"10":-0.052148837,"11":-0.0503451055,"12":-0.0473607345,"13":-0.0456057741,"14":-0.0438037396,"15":-0.0427645489,"16":-0.0421605009,"17":-0.0422433972,"18":-0.0432944068,"19":-0.0449579828,"20":-0.0456320102,"21":-0.0460921105,"22":-0.0454417734,"23":-0.0447135919,"24":-0.0432347034,"25":-0.0407904254,"26":-0.038074571,"27":-0.035260042},"HIST":{"0":-0.0146613594,"1":-0.0118525922,"2":-0.0123222283,"3":-0.0122412938,"4":-0.0098770845,"5":-0.0112885999,"6":-0.0079150916,"7":-0.0049559287,"8":-0.0039127768,"9":-0.0010275343,"10":0.0038717068,"11":0.007214926,"12":0.0119374841,"13":0.0070198415,"14":0.0072081378,"15":0.004156763,"16":0.0024161922,"17":-0.0003315854,"18":-0.0042040384,"19":-0.0066543041,"20":-0.0026961095,"21":-0.0018404011,"22":0.0026013481,"23":0.0029127262,"24":0.0059155538,"25":0.0097771121,"26":0.0108634178,"27":0.0112581158}}