{"v":{"0":8341,"1":11025,"2":6563,"3":17655,"4":46796,"5":21945,"6":22724,"7":15121,"8":7213,"9":527,"10":7690,"11":2955,"12":2586,"13":2831,"14":16294,"15":5228},"vw":{"0":5.8339,"1":5.8016,"2":5.752,"3":5.6379,"4":5.0776,"5":5.0198,"6":4.8981,"7":4.8343,"8":4.7078,"9":4.7533,"10":4.7248,"11":4.8595,"12":4.7227,"13":4.864,"14":4.9758,"15":4.8229},"o":{"0":5.88,"1":5.7856,"2":5.7878,"3":5.65,"4":5.33,"5":4.9714,"6":5.0,"7":4.9246,"8":4.6,"9":4.75,"10":4.67,"11":4.785,"12":4.84,"13":4.7888,"14":4.77,"15":4.95},"c":{"0":5.79,"1":5.9273,"2":5.6644,"3":5.5,"4":4.9647,"5":5.0,"6":4.8,"7":4.74,"8":4.8663,"9":4.75,"10":4.785,"11":4.83,"12":4.72,"13":4.8999,"14":4.81,"15":4.9579},"h":{"0":5.91,"1":5.9499,"2":5.85,"3":5.692,"4":5.37,"5":5.1892,"6":5.14,"7":5.0,"8":4.8799,"9":4.75,"10":4.8599,"11":4.95,"12":4.8955,"13":4.9,"14":5.08,"15":4.99},"l":{"0":5.76,"1":5.7701,"2":5.6644,"3":5.5,"4":4.8974,"5":4.93,"6":4.7501,"7":4.73,"8":4.6,"9":4.75,"10":4.615,"11":4.785,"12":4.687,"13":4.78,"14":4.77,"15":4.8},"t":{"0":1663751700000,"1":1663779600000,"2":1663835400000,"3":1663863300000,"4":1663919100000,"5":1663947000000,"6":1664198100000,"7":1664281800000,"8":1664365500000,"9":1664393400000,"10":1664449200000,"11":1664477100000,"12":1664532900000,"13":1664560800000,"14":1664784000000,"15":1664811900000},"n":{"0":69,"1":47,"2":22,"3":87,"4":130,"5":100,"6":143,"7":63,"8":44,"9":26,"10":50,"11":18,"12":6,"13":19,"14":35,"15":24},"sma_20":{"0":6.611215,"1":6.57108,"2":6.5178,"3":6.4553,"4":6.364535,"5":6.272535,"6":6.170535,"7":6.065035,"8":5.962205,"9":5.858205,"10":5.749955,"11":5.649455,"12":5.538455,"13":5.435745,"14":5.331245,"15":5.26164},"sma_50":{"0":7.171762,"1":7.145108,"2":7.112488,"3":7.077688,"4":7.028782,"5":6.974552,"6":6.918952,"7":6.854952,"8":6.792478,"9":6.735478,"10":6.675578,"11":6.617678,"12":6.554878,"13":6.500876,"14":6.442676,"15":6.389034},"sma_100":{"0":7.394359,"1":7.377832,"2":7.358576,"3":7.335076,"4":7.304724,"5":7.276024,"6":7.243224,"7":7.209924,"8":7.176687,"9":7.143087,"10":7.110437,"11":7.078737,"12":7.045937,"13":7.015036,"14":6.982136,"15":6.949523},"rsi":{"0":22.1564791826,"1":28.1559833664,"2":24.2948726962,"3":22.2409209912,"4":17.155209317,"5":18.4790338679,"6":16.8373864788,"7":16.3676094143,"8":21.3426133189,"9":20.1537399138,"10":21.569680445,"11":23.4492949268,"12":22.0577089168,"13":29.4333984757,"14":28.0070987586,"15":33.6993171362},"upper_bb":{"0":7.3929309244,"1":7.4076195479,"2":7.4427842514,"3":7.4779853568,"4":7.5715014388,"5":7.6012666252,"6":7.6232652445,"7":7.6133224903,"8":7.5434254007,"9":7.4723711096,"10":7.3461128533,"11":7.2093324304,"12":7.0259285762,"13":6.7892946125,"14":6.5216953995,"15":6.3605576827},"lower_bb":{"0":5.8294990756,"1":5.7345404521,"2":5.5928157486,"3":5.4326146432,"4":5.1575685612,"5":4.9438033748,"6":4.7178047555,"7":4.5167475097,"8":4.3809845993,"9":4.2440388904,"10":4.1537971467,"11":4.0895775696,"12":4.0509814238,"13":4.0821953875,"14":4.1407946005,"15":4.1627223173},"e26":{"0":6.6887090514,"1":6.632308381,"2":6.5606114639,"3":6.4820476517,"4":6.3696515294,"5":6.2681958605,"6":6.1594406116,"7":6.0542968626,"8":5.966297095,"9":5.8762010139,"10":5.7953713091,"11":5.7238623233,"12":5.6495021512,"13":5.5939760659,"14":5.5359037647,"15":5.4930886711},"e12":{"0":6.3479639434,"1":6.2832464136,"2":6.1880392731,"3":6.0821870772,"4":5.9102659884,"5":5.7702250671,"6":5.6209596722,"7":5.4854274149,"8":5.3901770434,"9":5.2916882675,"10":5.2137362263,"11":5.1546998838,"12":5.0878229786,"13":5.0589117511,"14":5.0206176356,"15":5.0109687686},"MACD":{"0":-0.3407451081,"1":-0.3490619674,"2":-0.3725721908,"3":-0.3998605745,"4":-0.459385541,"5":-0.4979707934,"6":-0.5384809394,"7":-0.5688694477,"8":-0.5761200516,"9":-0.5845127464,"10":-0.5816350828,"11":-0.5691624395,"12":-0.5616791726,"13":-0.5350643148,"14":-0.5152861292,"15":-0.4821199025},"e9":{"0":-0.2472172431,"1":-0.2675861879,"2":-0.2885833885,"3":-0.3108388257,"4":-0.3405481688,"5":-0.3720326937,"6":-0.4053223428,"7":-0.4380317638,"8":-0.4656494214,"9":-0.4894220864,"10":-0.5078646857,"11":-0.5201242364,"12":-0.5284352237,"13":-0.5297610419,"14":-0.5268660593,"15":-0.517916828},"HIST":{"0":-0.093527865,"1":-0.0814757794,"2":-0.0839888023,"3":-0.0890217488,"4":-0.1188373722,"5":-0.1259380997,"6":-0.1331585966,"7":-0.1308376839,"8":-0.1104706302,"9":-0.09509066,"10":-0.0737703972,"11":-0.049038203,"12":-0.0332439489,"13":-0.0053032729,"14":0.0115799302,"15":0.0357969255}}