{"v":{"0":270293.8,"1":229358.7000000001,"2":4466.8,"3":326767.1000000002,"4":283.8,"5":991.9,"6":773763.9999999994,"7":1398.4,"8":3686.3,"9":387797.3999999999,"10":21676.2,"11":1783.3,"12":172087.2000000003,"13":38655.8,"14":80.0,"15":144987.9,"16":110632.4,"17":154646.9000000001,"18":135510.8,"19":43188.2,"20":96446.0,"21":136.1,"22":70147.1,"23":148932.7,"24":659.2,"25":36609.2,"26":671275.2000000002,"27":426.3,"28":775.0,"29":134237.5999999999,"30":21117.9,"31":437.0,"32":202954.1,"33":73712.2,"34":142050.5,"35":54944.0,"36":19.9,"37":75431.7,"38":74010.5,"39":78415.9,"40":131070.6,"41":29605.4,"42":174796.3000000001,"43":28.3,"44":652.1,"45":136736.6,"46":410.0,"47":126.5,"48":125807.4,"49":411.4,"50":63.9,"51":148435.0000000001,"52":5009.4,"53":130279.4,"54":17661.0,"55":33.7,"56":62661.3,"57":105651.3,"58":74758.2,"59":87898.1,"60":10.0,"61":129989.4},"vw":{"0":7.7088,"1":7.5474,"2":7.7265,"3":7.475,"4":7.6947,"5":7.5233,"6":6.7802,"7":6.7269,"8":7.0264,"9":7.1329,"10":7.1912,"11":6.9727,"12":7.1745,"13":7.1276,"14":7.7015,"15":6.9896,"16":7.0828,"17":6.8086,"18":6.8107,"19":6.7784,"20":6.8389,"21":6.8082,"22":6.6828,"23":6.8233,"24":6.9491,"25":7.0755,"26":7.4075,"27":7.2941,"28":7.4293,"29":7.4765,"30":7.4227,"31":7.7421,"32":7.607,"33":7.5957,"34":7.5564,"35":7.5538,"36":7.25,"37":7.5156,"38":7.5672,"39":7.609,"40":7.2134,"41":7.0098,"42":7.0321,"43":7.1,"44":7.1713,"45":7.0305,"46":7.1689,"47":7.2095,"48":7.1167,"49":7.107,"50":7.0973,"51":7.2348,"52":7.1737,"53":7.1394,"54":7.1076,"55":7.167,"56":7.2592,"57":7.277,"58":7.2937,"59":7.2233,"60":7.299,"61":7.1005},"o":{"0":8.1,"1":7.486,"2":7.769,"3":7.6,"4":7.697,"5":7.61,"6":7.65,"7":6.747,"8":6.8,"9":7.0,"10":7.229,"11":7.3,"12":7.099,"13":7.15,"14":7.704,"15":7.3,"16":6.976,"17":7.15,"18":6.7735,"19":7.0,"20":6.848,"21":6.8,"22":7.011,"23":6.695,"24":6.95,"25":6.95,"26":7.0,"27":7.269,"28":7.38,"29":7.6,"30":7.44,"31":7.898,"32":7.51,"33":7.643,"34":7.5,"35":7.598,"36":7.25,"37":7.65,"38":7.548,"39":7.7,"40":7.361,"41":7.588,"42":7.067,"43":7.1,"44":7.2,"45":7.02,"46":7.196,"47":7.212,"48":7.2,"49":7.211,"50":7.08,"51":7.1,"52":7.169,"53":7.388,"54":7.0995,"55":7.167,"56":7.167,"57":7.318,"58":7.21,"59":7.319,"60":7.299,"61":7.4},"c":{"0":7.48,"1":7.95,"2":7.6,"3":7.5,"4":7.69,"5":7.46,"6":6.74,"7":6.797,"8":7.0,"9":7.228,"10":7.249,"11":6.936,"12":7.15,"13":7.188,"14":7.7,"15":7.02,"16":7.198,"17":6.753,"18":6.948,"19":6.848,"20":6.8,"21":6.75,"22":6.67,"23":6.95,"24":6.95,"25":7.0,"26":7.21,"27":7.394,"28":7.25,"29":7.4,"30":7.385,"31":7.596,"32":7.67,"33":7.65,"34":7.598,"35":7.65,"36":7.25,"37":7.549,"38":7.603,"39":7.361,"40":7.08,"41":7.077,"42":7.196,"43":7.1,"44":7.18,"45":7.196,"46":7.101,"47":7.2,"48":7.3,"49":7.199,"50":7.117,"51":7.17,"52":7.077,"53":7.07,"54":7.031,"55":7.167,"56":7.318,"57":7.39,"58":7.32,"59":7.292,"60":7.299,"61":7.054},"h":{"0":8.1,"1":7.95,"2":7.9,"3":7.765,"4":7.7,"5":7.7,"6":7.65,"7":6.799,"8":7.2,"9":7.268,"10":7.25,"11":7.301,"12":7.3,"13":7.188,"14":7.704,"15":7.3,"16":7.4,"17":7.248,"18":7.144,"19":7.096,"20":6.897,"21":6.9,"22":7.011,"23":6.99,"24":6.95,"25":7.3,"26":7.75,"27":7.395,"28":7.808,"29":7.75,"30":7.499,"31":7.898,"32":7.7,"33":7.67,"34":7.67,"35":7.65,"36":7.25,"37":7.792,"38":7.8,"39":7.8,"40":7.389,"41":7.588,"42":7.197,"43":7.1,"44":7.2,"45":7.196,"46":7.196,"47":7.212,"48":7.3,"49":7.211,"50":7.117,"51":7.399,"52":7.275,"53":7.388,"54":7.178,"55":7.167,"56":7.339,"57":7.395,"58":7.5,"59":7.342,"60":7.299,"61":7.4},"l":{"0":7.428,"1":7.377,"2":7.599,"3":7.352,"4":7.6,"5":7.45,"6":6.47,"7":6.52,"8":6.708,"9":6.8,"10":7.1,"11":6.935,"12":7.014,"13":7.1,"14":7.699,"15":6.844,"16":6.976,"17":6.731,"18":6.7,"19":6.704,"20":6.76,"21":6.75,"22":6.6,"23":6.631,"24":6.91,"25":6.95,"26":6.921,"27":7.211,"28":7.2,"29":7.4,"30":7.385,"31":7.595,"32":7.4,"33":7.49,"34":7.303,"35":7.501,"36":7.25,"37":7.4,"38":7.483,"39":7.331,"40":7.022,"41":6.901,"42":6.95,"43":7.1,"44":7.007,"45":6.8,"46":7.101,"47":7.2,"48":6.851,"49":7.05,"50":7.08,"51":7.03,"52":7.061,"53":7.0,"54":7.031,"55":7.167,"56":7.05,"57":7.214,"58":7.01,"59":7.165,"60":7.299,"61":7.0},"t":{"0":1656665100000,"1":1656693000000,"2":1656999900000,"3":1657027800000,"4":1657055700000,"5":1657083600000,"6":1657111500000,"7":1657139400000,"8":1657167300000,"9":1657195200000,"10":1657223100000,"11":1657251000000,"12":1657278900000,"13":1657306800000,"14":1657502100000,"15":1657530000000,"16":1657557900000,"17":1657613700000,"18":1657641600000,"19":1657697400000,"20":1657725300000,"21":1657753200000,"22":1657781100000,"23":1657809000000,"24":1657836900000,"25":1657864800000,"26":1657892700000,"27":1657920600000,"28":1658115900000,"29":1658143800000,"30":1658171700000,"31":1658199600000,"32":1658227500000,"33":1658255400000,"34":1658311200000,"35":1658339100000,"36":1658367000000,"37":1658394900000,"38":1658422800000,"39":1658478600000,"40":1658506500000,"41":1658729700000,"42":1658757600000,"43":1658785500000,"44":1658813400000,"45":1658841300000,"46":1658869200000,"47":1658897100000,"48":1658925000000,"49":1658952900000,"50":1658980800000,"51":1659008700000,"52":1659036600000,"53":1659092400000,"54":1659120300000,"55":1659315600000,"56":1659343500000,"57":1659371400000,"58":1659427200000,"59":1659455100000,"60":1659483000000,"61":1659510900000},"n":{"0":2952,"1":2530,"2":117,"3":4308,"4":6,"5":25,"6":10503,"7":43,"8":65,"9":4772,"10":371,"11":29,"12":2778,"13":835,"14":3,"15":2645,"16":1717,"17":1924,"18":2245,"19":540,"20":1737,"21":11,"22":600,"23":2455,"24":9,"25":348,"26":6607,"27":14,"28":28,"29":1941,"30":351,"31":12,"32":1975,"33":1318,"34":1430,"35":1296,"36":2,"37":873,"38":1239,"39":1005,"40":2551,"41":414,"42":2844,"43":2,"44":15,"45":1738,"46":8,"47":11,"48":2128,"49":14,"50":7,"51":2097,"52":245,"53":2113,"54":395,"55":2,"56":1168,"57":2445,"58":1280,"59":1981,"60":1,"61":1086}}