{"v":{"0":7401.6,"1":15909.8,"2":7941.3,"3":18589.3,"4":5931.0,"5":10.0,"6":21565.9,"7":19031.9,"8":7636.3,"9":16273.7,"10":7325.8,"11":43304.4,"12":600.9,"13":1212.0,"14":51345.0,"15":3237.6,"16":7536.4,"17":58775.8,"18":330.7,"19":314.3,"20":118149.8,"21":21886.6,"22":857.0,"23":79291.6,"24":1771.5,"25":902.5,"26":31073.9,"27":251.7,"28":11197.1,"29":46951.4,"30":4960.0,"31":7974049.9000000022,"32":1475725.8000000003,"33":599047.7000000001,"34":2176929.4000000022,"35":10817.8,"36":207955.9000000001,"37":489978.0000000003,"38":1941.6,"39":317135.2999999999,"40":481083.3999999997,"41":78870.0,"42":2102346.8000000003,"43":740609.6000000001,"44":93466.9,"45":667570.6999999998,"46":81214.7,"47":175286.7,"48":195987.3000000001,"49":2972.7,"50":194460.3,"51":213135.3000000001,"52":7528.5,"53":237167.4,"54":115647.0999999999,"55":34011.6,"56":315690.8000000002,"57":55657.2,"58":14946.8,"59":425079.9999999999,"60":11793.8,"61":339011.8999999999,"62":106280.3,"63":3907.6,"64":151997.6000000001,"65":54647.6,"66":6442.7,"67":241769.0000000002,"68":39085.1,"69":11768.0,"70":271767.4000000003,"71":2618.3,"72":38664.2,"73":206028.9000000001,"74":407.5,"75":4934.6,"76":244694.9999999999,"77":5779.6,"78":5548.5,"79":199809.2000000001,"80":2134.9},"vw":{"0":6.3428,"1":6.6021,"2":6.7529,"3":6.6854,"4":6.809,"5":6.866,"6":6.6865,"7":6.6158,"8":6.4306,"9":6.5277,"10":6.5274,"11":6.9453,"12":7.171,"13":7.2609,"14":7.2504,"15":7.0886,"16":7.4333,"17":8.113,"18":8.5994,"19":8.6576,"20":9.9819,"21":10.0435,"22":10.2858,"23":9.2652,"24":9.0898,"25":8.6941,"26":9.2762,"27":9.3831,"28":9.867,"29":8.93,"30":9.556,"31":16.1686,"32":13.6736,"33":15.5127,"34":14.7508,"35":13.1318,"36":13.1723,"37":12.7681,"38":12.5011,"39":11.613,"40":10.1231,"41":6.7784,"42":6.5836,"43":6.3648,"44":6.5626,"45":6.1394,"46":6.1489,"47":6.0401,"48":6.0515,"49":5.9075,"50":5.9248,"51":5.7544,"52":5.8672,"53":5.611,"54":5.7732,"55":5.9097,"56":5.6102,"57":5.5612,"58":5.6545,"59":5.3153,"60":5.1369,"61":4.9081,"62":4.9612,"63":5.1554,"64":4.9364,"65":4.9262,"66":4.8765,"67":4.6857,"68":4.6524,"69":4.6514,"70":4.4376,"71":4.4911,"72":4.3996,"73":4.4065,"74":4.4366,"75":4.4942,"76":4.3228,"77":4.291,"78":4.2977,"79":4.5316,"80":4.6471},"o":{"0":6.402,"1":6.51,"2":6.6885,"3":6.53,"4":6.7,"5":6.866,"6":6.895,"7":7.18,"8":6.427,"9":6.31,"10":6.582,"11":6.7,"12":7.2,"13":7.284,"14":7.0,"15":7.028,"16":7.001,"17":7.55,"18":8.6,"19":8.7,"20":8.6,"21":9.861,"22":9.8,"23":10.7,"24":9.036,"25":9.1,"26":9.0,"27":9.5,"28":10.0,"29":9.598,"30":9.556,"31":9.5,"32":14.413,"33":13.5,"34":15.9,"35":13.1,"36":13.3,"37":12.4,"38":12.5,"39":13.3,"40":11.2,"41":8.8,"42":6.79,"43":6.739,"44":6.4,"45":6.51,"46":6.213,"47":6.3,"48":6.043,"49":6.09,"50":6.1,"51":5.85,"52":5.9,"53":5.819,"54":5.601,"55":5.9,"56":5.887,"57":5.525,"58":5.8,"59":5.689,"60":5.205,"61":5.2,"62":4.88,"63":5.1,"64":5.19,"65":4.92,"66":5.1,"67":4.926,"68":4.651,"69":4.8,"70":4.623,"71":4.55,"72":4.3,"73":4.301,"74":4.5,"75":4.3,"76":4.443,"77":4.3,"78":4.5,"79":4.28,"80":4.631},"c":{"0":6.2,"1":6.6885,"2":6.5,"3":6.7,"4":6.807,"5":6.866,"6":6.502,"7":6.3,"8":6.31,"9":6.605,"10":6.654,"11":7.2,"12":7.3,"13":7.28,"14":7.028,"15":7.05,"16":7.599,"17":8.5,"18":8.6,"19":8.6,"20":9.861,"21":9.784,"22":10.3,"23":8.98,"24":9.1,"25":8.85,"26":9.202,"27":9.202,"28":9.6,"29":9.5,"30":9.556,"31":14.409,"32":13.5,"33":15.8,"34":13.0,"35":13.1,"36":12.4,"37":12.5,"38":12.7,"39":11.21,"40":9.221,"41":6.7,"42":6.735,"43":6.32,"44":6.548,"45":6.2555,"46":6.2,"47":6.042,"48":6.09,"49":6.1,"50":5.85,"51":5.67,"52":5.942,"53":5.64,"54":5.75,"55":5.89,"56":5.532,"57":5.799,"58":5.645,"59":5.29,"60":5.2,"61":4.877,"62":5.072,"63":5.19,"64":4.92,"65":4.97,"66":4.825,"67":4.651,"68":4.685,"69":4.64,"70":4.551,"71":4.433,"72":4.301,"73":4.5,"74":4.49,"75":4.46,"76":4.28,"77":4.265,"78":4.251,"79":4.63,"80":4.691},"h":{"0":6.509,"1":6.989,"2":6.95,"3":6.9,"4":6.87,"5":6.866,"6":7.0,"7":7.526,"8":6.5,"9":6.7,"10":6.654,"11":7.3,"12":7.3,"13":7.284,"14":7.7,"15":7.379,"16":7.6,"17":8.96,"18":8.6,"19":8.7,"20":10.6,"21":10.4,"22":11.3,"23":10.912,"24":9.295,"25":9.1,"26":9.7,"27":9.5,"28":10.4,"29":9.8,"30":9.556,"31":20.4,"32":15.1,"33":17.1,"34":16.69,"35":13.4,"36":15.1,"37":13.8,"38":12.7,"39":13.3,"40":11.4,"41":8.8,"42":7.19,"43":6.74,"44":6.8,"45":6.6,"46":6.3,"47":6.3,"48":6.198,"49":6.1,"50":6.1,"51":5.872,"52":6.0,"53":5.944,"54":5.964,"55":6.15,"56":5.905,"57":5.799,"58":5.8,"59":5.689,"60":5.39,"61":5.3,"62":5.14,"63":5.3,"64":5.2,"65":5.183,"66":5.1,"67":5.0,"68":4.8,"69":4.81,"70":4.78,"71":4.575,"72":4.7,"73":4.55,"74":4.5,"75":4.6,"76":4.51,"77":4.388,"78":4.5,"79":4.7,"80":4.692},"l":{"0":6.2,"1":6.2,"2":6.5,"3":6.5,"4":6.645,"5":6.866,"6":6.5,"7":6.3,"8":6.31,"9":6.3,"10":6.338,"11":6.35,"12":7.0,"13":7.0,"14":6.901,"15":7.028,"16":7.001,"17":7.503,"18":8.6,"19":8.6,"20":8.6,"21":9.784,"22":9.8,"23":8.35,"24":8.98,"25":8.2,"26":8.7,"27":9.202,"28":9.3,"29":8.32,"30":9.556,"31":7.3,"32":12.5,"33":13.2,"34":12.6,"35":13.0,"36":12.3,"37":11.2,"38":12.4,"39":10.6,"40":9.102,"41":6.316,"42":6.05,"43":6.025,"44":6.123,"45":5.8,"46":6.05,"47":5.908,"48":5.9,"49":5.786,"50":5.82,"51":5.65,"52":5.7,"53":5.51,"54":5.57,"55":5.599,"56":5.5,"57":5.525,"58":5.6,"59":5.05,"60":5.07,"61":4.74,"62":4.8,"63":5.0,"64":4.74,"65":4.85,"66":4.7,"67":4.6,"68":4.601,"69":4.6,"70":4.3,"71":4.422,"72":3.8,"73":4.241,"74":4.41,"75":4.3,"76":4.2,"77":4.23,"78":4.2,"79":4.211,"80":4.5},"t":{"0":1658853000000,"1":1658914200000,"2":1658944800000,"3":1659006000000,"4":1659036600000,"5":1659067200000,"6":1659097800000,"7":1659342600000,"8":1659373200000,"9":1659434400000,"10":1659465000000,"11":1659526200000,"12":1659556800000,"13":1659587400000,"14":1659618000000,"15":1659648600000,"16":1659679200000,"17":1659709800000,"18":1659740400000,"19":1659924000000,"20":1659954600000,"21":1659985200000,"22":1660015800000,"23":1660046400000,"24":1660077000000,"25":1660107600000,"26":1660138200000,"27":1660168800000,"28":1660199400000,"29":1660230000000,"30":1660260600000,"31":1660291200000,"32":1660321800000,"33":1660536000000,"34":1660566600000,"35":1660597200000,"36":1660627800000,"37":1660658400000,"38":1660689000000,"39":1660719600000,"40":1660750200000,"41":1660780800000,"42":1660811400000,"43":1660842000000,"44":1660872600000,"45":1660903200000,"46":1660933800000,"47":1661148000000,"48":1661178600000,"49":1661209200000,"50":1661239800000,"51":1661270400000,"52":1661301000000,"53":1661331600000,"54":1661362200000,"55":1661392800000,"56":1661423400000,"57":1661454000000,"58":1661484600000,"59":1661515200000,"60":1661545800000,"61":1661760000000,"62":1661790600000,"63":1661821200000,"64":1661851800000,"65":1661882400000,"66":1661913000000,"67":1661943600000,"68":1661974200000,"69":1662004800000,"70":1662035400000,"71":1662066000000,"72":1662096600000,"73":1662127200000,"74":1662157800000,"75":1662433200000,"76":1662463800000,"77":1662494400000,"78":1662525000000,"79":1662555600000,"80":1662586200000},"n":{"0":401,"1":451,"2":204,"3":882,"4":150,"5":1,"6":1077,"7":535,"8":361,"9":536,"10":290,"11":1656,"12":25,"13":12,"14":1029,"15":39,"16":169,"17":1533,"18":4,"19":9,"20":3095,"21":727,"22":46,"23":2608,"24":21,"25":61,"26":1329,"27":7,"28":513,"29":1453,"30":2,"31":214148,"32":31148,"33":25591,"34":61925,"35":264,"36":8325,"37":13900,"38":42,"39":9471,"40":11431,"41":1919,"42":39413,"43":15282,"44":3178,"45":17032,"46":3450,"47":3995,"48":8183,"49":77,"50":4602,"51":6363,"52":240,"53":6935,"54":3268,"55":833,"56":8583,"57":1427,"58":416,"59":11107,"60":222,"61":7698,"62":4083,"63":144,"64":5300,"65":1943,"66":156,"67":7844,"68":1138,"69":381,"70":8575,"71":58,"72":1269,"73":7078,"74":12,"75":154,"76":8347,"77":86,"78":199,"79":4017,"80":41}}