{"v":{"0":385897.0,"1":318639.0,"2":233718.0,"3":574501.0,"4":227827.0,"5":709499.0,"6":534784.0,"7":200843.0,"8":855476.0,"9":356801.0,"10":536344.0,"11":1030930.0,"12":299771.0,"13":296425.0,"14":619738.0,"15":100.0,"16":147911.0,"17":444562.0,"18":573394.0,"19":218104.0,"20":437967.0,"21":259376.0,"22":430196.0,"23":389045.0,"24":140804.0,"25":87965.0,"26":630945.0,"27":174125.0,"28":242064.0,"29":110822.0,"30":682319.0,"31":399615.0,"32":288660.0,"33":586072.0,"34":257480.0,"35":356722.0,"36":301647.0,"37":232978.0,"38":611391.0,"39":553195.0,"40":652187.0,"41":676286.0},"vw":{"0":49.9065,"1":49.8897,"2":49.5447,"3":48.1237,"4":46.6683,"5":46.566,"6":46.079,"7":45.6915,"8":46.1606,"9":44.932,"10":44.4864,"11":44.4843,"12":45.7261,"13":45.8433,"14":45.1762,"15":45.04,"16":45.0112,"17":44.4626,"18":45.5513,"19":45.7476,"20":45.8591,"21":46.5,"22":46.2086,"23":45.9975,"24":45.9008,"25":45.2256,"26":45.6301,"27":45.94,"28":46.3688,"29":45.1801,"30":44.5401,"31":44.2804,"32":44.5094,"33":45.5518,"34":45.6178,"35":45.5045,"36":45.1986,"37":45.208,"38":45.4589,"39":44.4194,"40":44.7638,"41":43.204},"o":{"0":49.935,"1":49.68,"2":49.9,"3":48.57,"4":46.88,"5":46.565,"6":46.44,"7":45.57,"8":46.16,"9":45.56,"10":44.9,"11":44.25,"12":45.28,"13":45.955,"14":45.869053,"15":45.04,"16":45.2,"17":44.77,"18":44.98,"19":45.77,"20":45.95,"21":46.32,"22":46.245,"23":46.15,"24":45.98,"25":45.35,"26":45.065,"27":45.82,"28":46.14,"29":45.67,"30":45.07,"31":44.69,"32":44.33,"33":45.02,"34":45.62,"35":45.69,"36":45.15,"37":45.19,"38":44.92,"39":44.92,"40":44.56,"41":43.78},"c":{"0":49.81,"1":49.94,"2":49.27,"3":47.86,"4":46.58,"5":46.48,"6":45.57,"7":45.78,"8":46.32,"9":44.89,"10":44.400328,"11":44.01,"12":45.94,"13":45.89,"14":45.06,"15":45.04,"16":44.76,"17":44.6,"18":45.755,"19":45.82,"20":45.84,"21":46.24,"22":46.15,"23":45.985,"24":45.92,"25":45.12,"26":45.82,"27":46.13,"28":46.36,"29":45.04,"30":44.9,"31":44.3339,"32":44.58,"33":45.58,"34":45.69,"35":45.48,"36":45.2085,"37":45.27,"38":45.25,"39":44.555,"40":44.75,"41":43.19},"h":{"0":50.2,"1":50.22,"2":49.9,"3":48.71,"4":47.16,"5":46.95,"6":46.64,"7":45.85,"8":46.74,"9":45.59,"10":44.98,"11":44.82,"12":45.96,"13":45.995,"14":45.869053,"15":45.04,"16":45.315,"17":44.78,"18":45.81,"19":45.85,"20":46.1001,"21":46.67,"22":46.51,"23":46.33,"24":45.98,"25":45.531,"26":45.92,"27":46.33,"28":46.545,"29":45.67,"30":45.1,"31":44.85,"32":44.695,"33":45.75,"34":45.89,"35":45.73,"36":45.42,"37":45.28,"38":45.87,"39":44.92,"40":44.92,"41":43.78},"l":{"0":49.631,"1":49.6299,"2":49.27,"3":47.82,"4":46.32,"5":46.24,"6":45.525,"7":45.5,"8":45.39,"9":44.58,"10":44.265,"11":43.8,"12":45.28,"13":45.67,"14":44.92,"15":45.04,"16":44.7591,"17":44.2,"18":44.83,"19":45.67,"20":45.475,"21":46.21,"22":46.005,"23":45.75,"24":45.82,"25":45.01,"26":45.04,"27":45.54,"28":46.14,"29":44.905,"30":44.0689,"31":43.845,"32":44.21,"33":44.92,"34":45.23,"35":45.35,"36":44.99,"37":45.125,"38":44.92,"39":43.97,"40":44.505,"41":42.83},"t":{"0":1654699500000,"1":1654766100000,"2":1654799400000,"3":1654866000000,"4":1655099100000,"5":1655132400000,"6":1655199000000,"7":1655232300000,"8":1655298900000,"9":1655365500000,"10":1655398800000,"11":1655465400000,"12":1655798400000,"13":1655831700000,"14":1655898300000,"15":1655931600000,"16":1655964900000,"17":1655998200000,"18":1656064800000,"19":1656098100000,"20":1656331200000,"21":1656397800000,"22":1656431100000,"23":1656497700000,"24":1656531000000,"25":1656564300000,"26":1656597600000,"27":1656664200000,"28":1656697500000,"29":1656997200000,"30":1657030500000,"31":1657097100000,"32":1657130400000,"33":1657197000000,"34":1657263600000,"35":1657296900000,"36":1657530000000,"37":1657563300000,"38":1657629900000,"39":1657696500000,"40":1657729800000,"41":1657796400000},"n":{"0":5231,"1":5642,"2":2611,"3":8025,"4":2745,"5":8092,"6":7081,"7":2378,"8":10643,"9":4278,"10":6394,"11":11714,"12":4474,"13":3777,"14":8187,"15":1,"16":2222,"17":6067,"18":7208,"19":2389,"20":5819,"21":3077,"22":5245,"23":5192,"24":1534,"25":990,"26":8087,"27":2327,"28":2914,"29":1266,"30":8894,"31":5135,"32":3411,"33":7156,"34":3215,"35":4169,"36":3845,"37":2812,"38":6761,"39":6648,"40":7118,"41":7416}}