{"v":{"0":318318.54,"1":170779.62,"2":358748.28,"3":87842.4,"4":151611.78,"5":106363.5600000001,"6":155523.48,"7":93732.9,"8":111676.7399999999,"9":267343.0200000001,"10":9333.0,"11":20767.2,"12":110885.22,"13":118817.76,"14":196627.44,"15":612.0,"16":67372.02,"17":80293.38,"18":109685.7,"19":138605.76,"20":82523.1,"21":118284.3,"22":116721.66,"23":5821.14,"24":126996.1199999999,"25":79447.8,"26":214237.7400000001,"27":23626.26,"28":33117.36,"29":92791.44,"30":159565.74,"31":404045.46,"32":103605.48,"33":129208.5,"34":141966.6599999999,"35":261361.74,"36":101599.14,"37":106897.02,"38":188327.7,"39":18654.78,"40":52592.22,"41":107382.54,"42":65088.24,"43":149616.66,"44":21294.54,"45":61152.06,"46":101241.12,"47":173317.38,"48":23256.0,"49":93786.96,"50":146679.06,"51":97325.34,"52":162656.34,"53":141790.2,"54":156430.26,"55":263109.0,"56":14224.92,"57":36041.7,"58":144334.08,"59":81776.46,"60":183558.18,"61":59038.62,"62":65473.8,"63":54929.04,"64":90432.18,"65":56093.88,"66":71424.48,"67":77086.5,"68":104840.7,"69":408.0,"70":76283.76,"71":59493.54,"72":118520.94,"73":601.8,"74":17170.68,"75":85965.6,"76":81996.78,"77":273811.86,"78":71955.9,"79":88146.36,"80":175315.5599999999,"81":222646.62,"82":190201.44,"83":93265.74,"84":277078.92,"85":13496.64,"86":193818.3599999999,"87":127253.16},"vw":{"0":22.423,"1":22.9806,"2":22.7836,"3":22.6584,"4":22.5674,"5":22.4867,"6":22.634,"7":21.8515,"8":22.0267,"9":22.4609,"10":22.6078,"11":22.5608,"12":22.4136,"13":22.7193,"14":22.8456,"15":23.1176,"16":23.2426,"17":23.2327,"18":23.1897,"19":23.2027,"20":23.1135,"21":23.006,"22":22.9962,"23":23.0392,"24":22.8866,"25":22.9628,"26":23.1231,"27":23.2255,"28":23.3867,"29":23.5006,"30":23.749,"31":23.1851,"32":22.7926,"33":22.8888,"34":22.9235,"35":23.0585,"36":22.4274,"37":22.322,"38":22.6127,"39":22.7059,"40":23.097,"41":23.0667,"42":23.1368,"43":23.0813,"44":23.4822,"45":23.5927,"46":23.6478,"47":23.5256,"48":23.549,"49":24.3214,"50":24.7692,"51":24.7246,"52":24.6862,"53":24.6287,"54":24.6455,"55":24.7446,"56":24.7843,"57":24.4235,"58":24.7884,"59":24.8276,"60":25.0369,"61":25.2301,"62":25.3043,"63":24.8893,"64":24.892,"65":25.1338,"66":25.228,"67":25.258,"68":25.3289,"69":25.0,"70":25.2519,"71":25.2127,"72":25.3361,"73":25.3431,"74":25.4254,"75":25.5107,"76":25.6956,"77":26.1218,"78":26.2136,"79":26.2639,"80":26.4205,"81":26.487,"82":26.9725,"83":26.9196,"84":27.0415,"85":26.971,"86":26.781,"87":26.9895},"o":{"0":21.6373,"1":22.7451,"2":23.0882,"3":22.549,"4":22.3235,"5":22.4657,"6":22.549,"7":21.9412,"8":21.8235,"9":22.1765,"10":22.6078,"11":22.5098,"12":22.2255,"13":22.6569,"14":22.8137,"15":23.1078,"16":23.1961,"17":23.2206,"18":23.1961,"19":23.2647,"20":23.1765,"21":23.152,"22":22.9804,"23":23.0392,"24":22.6961,"25":22.9608,"26":23.1316,"27":23.2255,"28":23.1373,"29":23.3725,"30":23.6569,"31":23.569,"32":23.0196,"33":23.049,"34":22.799,"35":23.098,"36":22.5196,"37":22.3235,"38":22.3627,"39":22.7059,"40":23.1176,"41":22.6863,"42":23.1569,"43":23.1127,"44":23.2843,"45":23.6127,"46":23.7157,"47":23.5294,"48":23.549,"49":24.0,"50":24.598,"51":24.8137,"52":24.7108,"53":24.5098,"54":24.7647,"55":24.6863,"56":24.7843,"57":24.4804,"58":24.6863,"59":24.8333,"60":24.9118,"61":25.2941,"62":25.3431,"63":25.1078,"64":24.8725,"65":24.9608,"66":25.1667,"67":25.3333,"68":25.2696,"69":25.0,"70":25.0098,"71":25.1667,"72":25.3137,"73":25.3431,"74":25.4902,"75":25.3824,"76":25.6373,"77":25.7157,"78":26.3039,"79":26.1078,"80":26.402,"81":26.4608,"82":26.451,"83":27.049,"84":26.951,"85":26.9706,"86":26.7059,"87":26.9118},"c":{"0":22.7255,"1":23.0882,"2":22.8333,"3":22.2941,"4":22.4706,"5":22.549,"6":22.6275,"7":21.8529,"8":22.1765,"9":22.598,"10":22.6078,"11":22.3529,"12":22.6275,"13":22.8137,"14":22.8627,"15":23.1373,"16":23.2206,"17":23.1863,"18":23.2745,"19":23.1569,"20":23.152,"21":22.9804,"22":23.0392,"23":23.0392,"24":22.951,"25":23.1275,"26":23.2255,"27":23.2255,"28":23.3529,"29":23.6471,"30":23.5588,"31":23.1176,"32":23.0588,"33":22.7941,"34":23.098,"35":23.1275,"36":22.2941,"37":22.3235,"38":22.7059,"39":22.7059,"40":22.652,"41":23.1765,"42":23.098,"43":23.0686,"44":23.6765,"45":23.7353,"46":23.5294,"47":23.549,"48":23.549,"49":24.5882,"50":24.8137,"51":24.7108,"52":24.7059,"53":24.7549,"54":24.7059,"55":24.7941,"56":24.7843,"57":24.6176,"58":24.8922,"59":24.902,"60":25.1863,"61":25.3284,"62":25.1471,"63":24.8725,"64":24.9804,"65":25.1765,"66":25.3137,"67":25.2561,"68":25.2941,"69":25.0,"70":25.1912,"71":25.3088,"72":25.3431,"73":25.3431,"74":25.4461,"75":25.6275,"76":25.7028,"77":26.1765,"78":26.0882,"79":26.4118,"80":26.451,"81":26.4412,"82":27.0147,"83":26.9412,"84":26.9412,"85":26.9706,"86":26.9608,"87":26.8529},"h":{"0":22.8529,"1":23.1275,"2":23.1176,"3":23.0882,"4":22.7059,"5":22.5784,"6":22.7696,"7":22.0882,"8":22.2349,"9":22.6569,"10":22.6078,"11":22.7941,"12":22.6667,"13":22.8627,"14":22.9608,"15":23.1373,"16":23.4902,"17":23.3627,"18":23.2941,"19":23.3333,"20":23.2941,"21":23.1863,"22":23.049,"23":23.0392,"24":23.1373,"25":23.1373,"26":23.2255,"27":23.2255,"28":23.5294,"29":23.7549,"30":23.8922,"31":23.6275,"32":23.0588,"33":23.1863,"34":23.2157,"35":23.1569,"36":22.9314,"37":22.549,"38":22.7451,"39":22.7059,"40":23.2059,"41":23.2843,"42":23.2255,"43":23.2059,"44":23.6765,"45":23.7451,"46":23.7451,"47":23.6373,"48":23.549,"49":24.6275,"50":24.9314,"51":24.8431,"52":24.7353,"53":24.8775,"54":24.8824,"55":24.8725,"56":24.7843,"57":24.6961,"58":24.9804,"59":24.9412,"60":25.1863,"61":25.4706,"62":25.4804,"63":25.1078,"64":24.9804,"65":25.3725,"66":25.3922,"67":25.3529,"68":25.3627,"69":25.0,"70":25.4314,"71":25.3529,"72":25.402,"73":25.3431,"74":25.6373,"75":25.6471,"76":25.8333,"77":26.2353,"78":26.4912,"79":26.4363,"80":26.5588,"81":26.6078,"82":27.2353,"83":27.098,"84":27.2059,"85":26.9706,"86":27.098,"87":27.1078},"l":{"0":21.5784,"1":22.7206,"2":22.5686,"3":22.2255,"4":22.2843,"5":22.3922,"6":22.5196,"7":21.5588,"8":21.7892,"9":22.1275,"10":22.6078,"11":22.3137,"12":22.2255,"13":22.5,"14":22.7353,"15":23.1078,"16":23.1127,"17":23.1324,"18":23.1176,"19":23.1471,"20":22.8235,"21":22.799,"22":22.9167,"23":23.0392,"24":22.6961,"25":22.8039,"26":23.0,"27":23.2255,"28":23.0098,"29":23.2157,"30":23.5588,"31":22.9902,"32":22.5882,"33":22.7745,"34":22.7451,"35":22.9657,"36":22.2353,"37":22.2353,"38":22.3431,"39":22.7059,"40":22.5588,"41":22.6863,"42":23.0392,"43":22.9706,"44":23.2843,"45":23.3039,"46":23.5098,"47":23.402,"48":23.549,"49":23.8922,"50":24.5735,"51":24.6471,"52":24.6078,"53":24.3873,"54":24.4804,"55":24.5686,"56":24.7843,"57":24.1863,"58":24.4608,"59":24.6863,"60":24.8137,"61":25.0392,"62":25.1275,"63":24.7647,"64":24.7941,"65":24.7353,"66":25.0588,"67":25.1667,"68":25.2549,"69":25.0,"70":25.0098,"71":25.0784,"72":25.2353,"73":25.3431,"74":25.2549,"75":25.3824,"76":25.598,"77":25.6176,"78":26.0098,"79":26.0882,"80":26.2647,"81":26.3627,"82":26.451,"83":26.8137,"84":26.8922,"85":26.9706,"86":26.2941,"87":26.8431},"t":{"0":1656597600000,"1":1656605700000,"2":1656613800000,"3":1656678600000,"4":1656686700000,"5":1656694800000,"6":1656702900000,"7":1657026900000,"8":1657035000000,"9":1657043100000,"10":1657051200000,"11":1657107900000,"12":1657116000000,"13":1657124100000,"14":1657132200000,"15":1657140300000,"16":1657197000000,"17":1657205100000,"18":1657213200000,"19":1657221300000,"20":1657286100000,"21":1657294200000,"22":1657302300000,"23":1657310400000,"24":1657545300000,"25":1657553400000,"26":1657561500000,"27":1657569600000,"28":1657626300000,"29":1657634400000,"30":1657642500000,"31":1657650600000,"32":1657715400000,"33":1657723500000,"34":1657731600000,"35":1657739700000,"36":1657804500000,"37":1657812600000,"38":1657820700000,"39":1657828800000,"40":1657885500000,"41":1657893600000,"42":1657901700000,"43":1657909800000,"44":1658144700000,"45":1658152800000,"46":1658160900000,"47":1658169000000,"48":1658177100000,"49":1658233800000,"50":1658241900000,"51":1658250000000,"52":1658258100000,"53":1658322900000,"54":1658331000000,"55":1658339100000,