{"v":{"0":10312.0,"1":17127.0,"2":9129.0,"3":3893.0,"4":5718.0,"5":2535.0,"6":2236.0,"7":4716.0,"8":4746.0,"9":16843.0,"10":3845.0,"11":1926.0,"12":1150.0,"13":225.0,"14":455.0,"15":1759.0,"16":1950.0,"17":7354.0,"18":1400.0,"19":1966.0,"20":264.0,"21":4900.0,"22":6973.0,"23":5210.0,"24":582.0,"25":14367.0,"26":13941.0,"27":357.0,"28":2488.0,"29":5444.0,"30":4845.0,"31":117825.0,"32":50680.0,"33":17942.0,"34":25619.0,"35":37754.0,"36":2162.0,"37":3200.0,"38":158.0,"39":6647.0,"40":9105.0,"41":15984.0,"42":7019.0,"43":10002.0,"44":800.0,"45":2471.0,"46":19354.0,"47":346.0,"48":612.0,"49":8038.0,"50":6612.0,"51":4927.0,"52":5994.0,"53":14987.0,"54":2203.0,"55":105.0,"56":1109.0,"57":1330.0,"58":455.0,"59":423.0},"vw":{"0":1.2956,"1":1.3626,"2":1.331,"3":1.2614,"4":1.2545,"5":1.2618,"6":1.2025,"7":1.2111,"8":1.1845,"9":1.128,"10":1.1415,"11":1.155,"12":1.1845,"13":1.1901,"14":1.19,"15":1.1954,"16":1.1204,"17":1.0949,"18":1.1386,"19":1.133,"20":1.14,"21":1.0924,"22":1.0687,"23":1.0422,"24":1.0276,"25":0.978,"26":0.9533,"27":0.9231,"28":0.9153,"29":0.9615,"30":0.9321,"31":0.8259,"32":0.7856,"33":0.7745,"34":0.8644,"35":0.8734,"36":0.8305,"37":0.7971,"38":0.7612,"39":0.8539,"40":0.9377,"41":0.9216,"42":0.9055,"43":0.9166,"44":0.9263,"45":0.948,"46":1.017,"47":1.0083,"48":1.0165,"49":1.0072,"50":1.064,"51":1.0024,"52":0.9602,"53":0.958,"54":1.0209,"55":1.0494,"56":1.014,"57":0.9997,"58":1.006,"59":1.0173},"o":{"0":1.34,"1":1.3,"2":1.38,"3":1.2757,"4":1.23,"5":1.27,"6":1.2,"7":1.24,"8":1.185,"9":1.17,"10":1.1564,"11":1.145,"12":1.18,"13":1.22,"14":1.19,"15":1.19,"16":1.16,"17":1.0827,"18":1.15,"19":1.13,"20":1.14,"21":1.12,"22":1.0845,"23":1.06,"24":1.02,"25":1.01,"26":0.98,"27":0.949999,"28":0.9206,"29":0.919999,"30":0.92,"31":0.99,"32":0.8,"33":0.7763,"34":0.8956,"35":0.88,"36":0.8369,"37":0.8181,"38":0.76,"39":0.7719,"40":0.9499,"41":0.9508,"42":0.91,"43":0.9,"44":0.92,"45":0.92,"46":0.97,"47":0.965,"48":1.02,"49":1.0399,"50":1.03,"51":1.03,"52":0.98,"53":0.9401,"54":0.98,"55":1.0499,"56":0.9558,"57":1.0,"58":1.05,"59":1.05},"c":{"0":1.35,"1":1.37,"2":1.28,"3":1.235,"4":1.27,"5":1.25,"6":1.21,"7":1.2,"8":1.185,"9":1.16,"10":1.1399,"11":1.16,"12":1.2,"13":1.1615,"14":1.19,"15":1.21,"16":1.1,"17":1.1173,"18":1.13,"19":1.15,"20":1.14,"21":1.0888,"22":1.0701,"23":1.0,"24":1.0299,"25":0.98,"26":0.9588,"27":0.91,"28":0.925,"29":0.9969,"30":0.9799,"31":0.8001,"32":0.7782,"33":0.75,"34":0.8917,"35":0.8125,"36":0.8361,"37":0.7958,"38":0.76,"39":0.9,"40":0.9599,"41":0.9107,"42":0.9006,"43":0.92,"44":0.92,"45":0.92,"46":0.975,"47":1.0399,"48":1.04,"49":0.99,"50":1.08,"51":1.0,"52":0.9557,"53":0.96,"54":0.95,"55":1.0499,"56":1.0183,"57":0.99,"58":0.95,"59":1.02},"h":{"0":1.35,"1":1.4298,"2":1.39,"3":1.2757,"4":1.27,"5":1.28,"6":1.21,"7":1.24,"8":1.19,"9":1.2,"10":1.1564,"11":1.16,"12":1.21,"13":1.22,"14":1.19,"15":1.21,"16":1.18,"17":1.12,"18":1.15,"19":1.15,"20":1.14,"21":1.132,"22":1.0899,"23":1.07,"24":1.0299,"25":1.01,"26":0.98,"27":0.949999,"28":0.925,"29":0.9969,"30":1.02,"31":0.99,"32":0.82,"33":0.8,"34":0.8956,"35":0.88,"36":0.8402,"37":0.8181,"38":0.76,"39":0.925,"40":0.97,"41":0.9599,"42":0.91,"43":0.97,"44":0.97,"45":0.97,"46":1.02,"47":1.0399,"48":1.04,"49":1.04,"50":1.1099,"51":1.03,"52":0.98,"53":0.98,"54":1.05,"55":1.0499,"56":1.02,"57":1.0,"58":1.05,"59":1.05},"l":{"0":1.26,"1":1.3,"2":1.28,"3":1.235,"4":1.23,"5":1.25,"6":1.2,"7":1.2,"8":1.1788,"9":1.1,"10":1.13,"11":1.145,"12":1.1735,"13":1.1615,"14":1.19,"15":1.19,"16":1.1,"17":1.08,"18":1.13,"19":1.12,"20":1.14,"21":1.0501,"22":1.05,"23":1.0,"24":1.02,"25":0.8495,"26":0.9411,"27":0.91,"28":0.91,"29":0.9102,"30":0.92,"31":0.7176,"32":0.724166,"33":0.75,"34":0.8288,"35":0.8062,"36":0.8001,"37":0.79,"38":0.76,"39":0.72,"40":0.9,"41":0.9001,"42":0.9,"43":0.9,"44":0.92,"45":0.92,"46":0.97,"47":0.965,"48":1.01,"49":0.99,"50":1.03,"51":1.0,"52":0.95,"53":0.9207,"54":0.95,"55":1.0499,"56":0.9558,"57":0.99,"58":0.95,"59":0.9975},"t":{"0":1662729300000,"1":1662737400000,"2":1662745500000,"3":1662988500000,"4":1662996600000,"5":1663004700000,"6":1663077600000,"7":1663085700000,"8":1663093800000,"9":1663158600000,"10":1663166700000,"11":1663174800000,"12":1663182900000,"13":1663247700000,"14":1663255800000,"15":1663263900000,"16":1663328700000,"17":1663336800000,"18":1663344900000,"19":1663353000000,"20":1663587900000,"21":1663596000000,"22":1663604100000,"23":1663612200000,"24":1663677000000,"25":1663685100000,"26":1663693200000,"27":1663701300000,"28":1663766100000,"29":1663774200000,"30":1663782300000,"31":1663855200000,"32":1663863300000,"33":1663871400000,"34":1663936200000,"35":1663944300000,"36":1663952400000,"37":1663960500000,"38":1663968600000,"39":1664195400000,"40":1664203500000,"41":1664211600000,"42":1664219700000,"43":1664284500000,"44":1664292600000,"45":1664300700000,"46":1664365500000,"47":1664373600000,"48":1664381700000,"49":1664389800000,"50":1664454600000,"51":1664462700000,"52":1664470800000,"53":1664478900000,"54":1664543700000,"55":1664551800000,"56":1664559900000,"57":1664802900000,"58":1664811000000,"59":1664819100000},"n":{"0":59,"1":104,"2":80,"3":13,"4":18,"5":33,"6":27,"7":31,"8":8,"9":44,"10":19,"11":26,"12":16,"13":3,"14":16,"15":19,"16":11,"17":39,"18":14,"19":27,"20":2,"21":18,"22":37,"23":35,"24":4,"25":54,"26":36,"27":5,"28":14,"29":11,"30":8,"31":241,"32":93,"33":97,"34":60,"35":71,"36":6,"37":5,"38":2,"39":13,"40":37,"41":42,"42":44,"43":18,"44":8,"45":25,"46":10,"47":4,"48":7,"49":39,"50":9,"51":13,"52":48,"53":72,"54":7,"55":2,"56":10,"57":11,"58":6,"59":8}}