{"v":{"0":17530,"1":4819,"2":7763,"3":6386,"4":16493,"5":213,"6":6443,"7":2494,"8":24056,"9":11007,"10":27751,"11":54626,"12":4668,"13":82274,"14":31810,"15":2299,"16":49000,"17":10714,"18":11734,"19":32262},"vw":{"0":6.5225,"1":6.5789,"2":6.5869,"3":6.1631,"4":5.9066,"5":6.13,"6":6.0411,"7":6.0218,"8":5.9103,"9":5.6334,"10":5.7689,"11":5.7868,"12":5.853,"13":6.3847,"14":6.033,"15":6.1355,"16":6.0345,"17":5.8107,"18":6.0858,"19":5.9045},"o":{"0":6.56,"1":6.48,"2":6.58,"3":6.45,"4":5.74,"5":6.13,"6":6.05,"7":6.03,"8":6.23,"9":5.4817,"10":5.8,"11":6.095,"12":5.63,"13":6.23,"14":6.07,"15":5.97,"16":5.91,"17":6.1,"18":5.8,"19":6.04},"c":{"0":6.53,"1":6.58,"2":6.53,"3":6.01,"4":6.02,"5":6.13,"6":6.05,"7":6.01,"8":5.515,"9":5.71,"10":6.0,"11":5.75,"12":6.08,"13":6.21,"14":6.01,"15":6.1,"16":6.1,"17":5.79,"18":5.985,"19":5.9},"h":{"0":6.635,"1":6.69,"2":6.69,"3":6.62,"4":6.13,"5":6.13,"6":6.23,"7":6.045,"8":6.23,"9":5.81,"10":6.0,"11":6.21,"12":6.23,"13":6.83,"14":6.305,"15":6.23,"16":6.35,"17":6.1,"18":6.2,"19":6.05},"l":{"0":6.39,"1":6.36,"2":6.49,"3":5.86,"4":5.7205,"5":6.13,"6":5.93,"7":5.91,"8":5.31,"9":5.46,"10":5.42,"11":5.75,"12":5.58,"13":5.94,"14":5.57,"15":5.97,"16":5.91,"17":5.62,"18":5.8,"19":5.8},"t":{"0":1663684200000,"1":1663763400000,"2":1663783200000,"3":1663842600000,"4":1663862400000,"5":1663921800000,"6":1663941600000,"7":1663961400000,"8":1664199000000,"9":1664218800000,"10":1664278200000,"11":1664298000000,"12":1664357400000,"13":1664377200000,"14":1664456400000,"15":1664476200000,"16":1664535600000,"17":1664555400000,"18":1664793000000,"19":1664812800000},"n":{"0":276,"1":54,"2":163,"3":114,"4":256,"5":1,"6":94,"7":42,"8":213,"9":133,"10":204,"11":140,"12":34,"13":903,"14":362,"15":43,"16":343,"17":201,"18":185,"19":559},"sma_20":{"0":7.20325,"1":7.14725,"2":7.09125,"3":7.00375,"4":6.93075,"5":6.86075,"6":6.78425,"7":6.70725,"8":6.6035,"9":6.519,"10":6.45,"11":6.36525,"12":6.31925,"13":6.28375,"14":6.24225,"15":6.19925,"16":6.15825,"17":6.11375,"18":6.082,"19":6.0505},"sma_50":{"0":7.246272,"1":7.204872,"2":7.177472,"3":7.147672,"4":7.114272,"5":7.085072,"6":7.044672,"7":7.014272,"8":6.976172,"9":6.938172,"10":6.903172,"11":6.862972,"12":6.836772,"13":6.811372,"14":6.782172,"15":6.767572,"16":6.757572,"17":6.740972,"18":6.73024,"19":6.71724},"sma_100":{"0":7.379057,"1":7.376157,"2":7.373757,"3":7.367657,"4":7.359957,"5":7.354057,"6":7.347357,"7":7.332157,"8":7.311907,"9":7.294007,"10":7.279807,"11":7.270607,"12":7.265907,"13":7.262807,"14":7.257007,"15":7.249707,"16":7.242507,"17":7.231807,"18":7.219157,"19":7.206057},"rsi":{"0":33.6980920983,"1":35.6092332674,"2":34.537127483,"3":25.827862491,"4":26.2132123765,"5":30.4911264626,"6":29.1667149203,"7":28.5001367013,"8":21.8463088338,"9":28.889543832,"10":37.8586910313,"11":33.8902563612,"12":42.463680906,"13":45.4641230296,"14":41.848413724,"15":44.0064554917,"16":44.0064554917,"17":38.324893066,"18":43.2851668989,"19":41.7104251006},"upper_bb":{"0":8.0484486686,"1":8.0022259923,"2":7.9542550009,"3":7.9335427047,"4":7.9297825583,"5":7.8789955241,"6":7.8048652685,"7":7.7169267331,"8":7.6567461101,"9":7.5743552657,"10":7.447180235,"11":7.2919957211,"12":7.2037021052,"13":7.1224888716,"14":7.0465311436,"15":6.9306097646,"16":6.8067241199,"17":6.7329589606,"18":6.6553319053,"19":6.5883211403},"lower_bb":{"0":6.3580513314,"1":6.2922740077,"2":6.2282449991,"3":6.0739572953,"4":5.9317174417,"5":5.8425044759,"6":5.7636347315,"7":5.6975732669,"8":5.5502538899,"9":5.4636447343,"10":5.452819765,"11":5.4385042789,"12":5.4347978948,"13":5.4450111284,"14":5.4379688564,"15":5.4678902354,"16":5.5097758801,"17":5.4945410394,"18":5.5086680947,"19":5.5126788597},"e26":{"0":7.0705070086,"1":7.0341731561,"2":6.9968269964,"3":6.9237287004,"4":6.8567858337,"5":6.802949846,"6":6.7471757833,"7":6.6925701698,"8":6.6053427498,"9":6.5390210646,"10":6.4990935783,"11":6.4436051651,"12":6.4166714492,"13":6.401362453,"14":6.3723726416,"15":6.3521968904,"16":6.3335156393,"17":6.2932552215,"18":6.2704215014,"19":6.2429828717},"e12":{"0":6.8729682922,"1":6.8278962473,"2":6.7820660554,"3":6.6632866623,"4":6.5643194834,"5":6.4975011014,"6":6.4286547781,"7":6.3642463507,"8":6.233593066,"9":6.1530402866,"10":6.1294956271,"11":6.0711116845,"12":6.0724791176,"13":6.0936361765,"14":6.0807690724,"15":6.0837276766,"16":6.086231111,"17":6.0406570939,"18":6.0320944641,"19":6.0117722388},"MACD":{"0":-0.1975387164,"1":-0.2062769089,"2":-0.214760941,"3":-0.2604420381,"4":-0.2924663502,"5":-0.3054487446,"6":-0.3185210053,"7":-0.3283238191,"8":-0.3717496838,"9":-0.385980778,"10":-0.3695979512,"11":-0.3724934807,"12":-0.3441923316,"13":-0.3077262765,"14":-0.2916035692,"15":-0.2684692138,"16":-0.2472845283,"17":-0.2525981276,"18":-0.2383270373,"19":-0.2312106328},"e9":{"0":-0.1107520344,"1":-0.1298570093,"2":-0.1468377956,"3":-0.1695586441,"4":-0.1941401853,"5":-0.2164018972,"6":-0.2368257188,"7":-0.2551253389,"8":-0.2784502079,"9":-0.2999563219,"10":-0.3138846478,"11":-0.3256064143,"12":-0.3293235978,"13":-0.3250041335,"14":-0.3183240207,"15":-0.3083530593,"16":-0.2961393531,"17":-0.287431108,"18":-0.2776102939,"19":-0.2683303617},"HIST":{"0":-0.086786682,"1":-0.0764198996,"2":-0.0679231454,"3":-0.090883394,"4":-0.0983261649,"5":-0.0890468474,"6":-0.0816952864,"7":-0.0731984802,"8":-0.093299476,"9":-0.0860244561,"10":-0.0557133035,"11":-0.0468870663,"12":-0.0148687338,"13":0.017277857,"14":0.0267204514,"15":0.0398838455,"16":0.0488548248,"17":0.0348329804,"18":0.0392832565,"19":0.0371197288}}