{"v":{"0":17022.9,"1":726168.7500000002,"2":325544.7499999998,"3":520.45,"4":16631.3,"5":769292.0499999998,"6":258216.35,"7":33335.7,"8":560688.2499999995,"9":60916.3,"10":7467.35,"11":429662.7499999997,"12":224547.3,"13":2233.0,"14":6326.0,"15":543453.1000000001,"16":199618.4500000001,"17":1413.6,"18":7680.2,"19":486552.8500000001,"20":153539.7499999999,"21":16451.15,"22":537288.0500000003,"23":112605.05,"24":278024.25,"25":506362.4999999999,"26":6728.25,"27":10145.0,"28":647036.8000000002,"29":239657.1499999999,"30":939.6,"31":5505.75,"32":409194.1000000003,"33":130888.0,"34":21868.3,"35":506599.2,"36":109614.1,"37":18507.05,"38":559293.1,"39":49823.35,"40":932.8,"41":189057.4000000001,"42":288275.4500000001,"43":1193.55,"44":18280.15,"45":526303.0500000002,"46":240641.9500000001,"47":948.85,"48":18713.65,"49":509808.0499999998,"50":119022.3500000001,"51":16805.1,"52":571771.9500000002,"53":90114.8,"54":148785.95,"55":354819.7499999999,"56":1715.9,"57":5578.0,"58":462069.1499999998,"59":119243.35,"60":27968.85,"61":596509.1499999998,"62":83413.3,"63":181687.9,"64":566317.6500000001,"65":13131.1,"66":4672.75,"67":356820.1499999998,"68":548239.4999999997,"69":5802.95,"70":6349.4,"71":499763.15,"72":283652.1999999998,"73":1216.8,"74":52268.35,"75":731545.2000000001,"76":146247.2500000001,"77":99404.8,"78":678824.1500000001,"79":16583.0,"80":6474.95,"81":392349.85,"82":587752.8,"83":9436.7,"84":10771.7,"85":537197.9},"vw":{"0":102.474,"1":103.1283,"2":102.855,"3":102.9382,"4":100.0242,"5":96.6336,"6":97.9709,"7":91.3346,"8":92.3458,"9":93.7714,"10":96.3902,"11":96.9404,"12":96.7365,"13":98.2793,"14":100.6163,"15":105.4936,"16":104.3276,"17":104.254,"18":103.4316,"19":105.7289,"20":103.1092,"21":99.8591,"22":95.5801,"23":93.5937,"24":105.6033,"25":103.0181,"26":102.6138,"27":110.7026,"28":111.1324,"29":112.2389,"30":112.822,"31":113.6952,"32":106.4356,"33":104.4274,"34":100.3145,"35":97.2426,"36":97.9763,"37":96.8404,"38":93.3311,"39":94.1175,"40":96.1582,"41":94.3832,"42":94.946,"43":94.469,"44":85.5533,"45":88.5106,"46":87.9415,"47":87.5164,"48":88.691,"49":89.1093,"50":86.1603,"51":88.601,"52":90.2183,"53":90.9679,"54":90.0696,"55":88.6922,"56":88.33,"57":85.8014,"58":84.4501,"59":85.7418,"60":82.5284,"61":81.0519,"62":82.9118,"63":79.6779,"64":77.3441,"65":76.4206,"66":74.3024,"67":73.124,"68":69.7809,"69":68.4134,"70":73.3249,"71":74.0529,"72":71.4026,"73":71.567,"74":64.7382,"75":66.5464,"76":67.9548,"77":67.0882,"78":65.4978,"79":63.2657,"80":68.5854,"81":69.811,"82":69.3994,"83":71.7499,"84":73.3426,"85":70.5463},"o":{"0":106.0,"1":100.0,"2":105.2,"3":103.2,"4":102.0,"5":100.792,"6":97.0,"7":96.0,"8":92.4,"9":93.45,"10":95.6,"11":97.6,"12":94.9,"13":97.802,"14":99.0,"15":101.2,"16":104.2,"17":104.6,"18":104.0,"19":103.8,"20":103.6,"21":101.6,"22":99.8,"23":95.0,"24":97.4,"25":106.2,"26":102.6,"27":110.0,"28":111.0,"29":111.6,"30":113.0,"31":113.0,"32":112.2,"33":105.2,"34":103.8,"35":99.8,"36":97.6,"37":97.8,"38":96.2,"39":94.58,"40":95.4,"41":96.6,"42":96.0,"43":93.6,"44":86.4,"45":88.6,"46":88.8,"47":87.8,"48":87.6,"49":89.4,"50":86.75,"51":85.0,"52":87.6,"53":90.6,"54":92.0,"55":89.9,"56":88.2,"57":90.4,"58":85.6,"59":86.2,"60":84.0,"61":82.0,"62":82.3,"63":81.4,"64":78.6,"65":76.0,"66":75.0,"67":74.4,"68":71.84,"69":69.2,"70":72.6,"71":72.4,"72":73.02,"73":71.0,"74":64.8,"75":65.2,"76":67.9,"77":68.4,"78":67.0,"79":63.8,"80":68.0,"81":68.2,"82":68.8,"83":71.0,"84":72.0,"85":72.6},"c":{"0":100.4,"1":105.2,"2":103.2,"3":103.0,"4":100.2,"5":96.9,"6":98.8,"7":92.4,"8":93.5,"9":95.0,"10":97.6,"11":94.8,"12":97.8,"13":98.0,"14":101.2,"15":104.2,"16":104.6,"17":103.2,"18":103.8,"19":103.6,"20":102.0,"21":99.4,"22":94.9,"23":93.6,"24":106.4,"25":102.5,"26":102.6,"27":111.0,"28":111.6,"29":112.8,"30":112.6,"31":112.2,"32":105.2,"33":105.002,"34":99.8,"35":97.78,"36":98.0,"37":96.0,"38":94.594,"39":95.2,"40":96.6,"41":95.8,"42":93.8,"43":94.8,"44":88.5,"45":88.736,"46":88.0,"47":87.6,"48":89.6,"49":86.6,"50":87.6,"51":88.0,"52":90.7,"53":91.8,"54":89.8,"55":88.2,"56":88.8,"57":86.2,"58":86.15,"59":86.4,"60":81.802,"61":82.2,"62":81.8,"63":78.6,"64":75.8,"65":76.998,"66":74.0,"67":72.0,"68":69.0,"69":67.8,"70":72.4,"71":73.0,"72":71.0,"73":71.8,"74":65.2,"75":67.806,"76":69.4,"77":67.0,"78":63.968,"79":64.2,"80":68.4,"81":68.8,"82":71.4,"83":72.0,"84":73.0,"85":68.6},"h":{"0":106.0,"1":110.0,"2":105.398,"3":103.2,"4":102.0,"5":101.2,"6":99.56,"7":97.6,"8":94.964,"9":95.0,"10":97.6,"11":99.2,"12":98.4,"13":98.8,"14":101.8,"15":108.4,"16":105.2,"17":104.6,"18":104.8,"19":109.4,"20":104.0,"21":101.6,"22":100.0,"23":95.6,"24":107.6,"25":106.4,"26":103.6,"27":111.8,"28":113.7,"29":113.4,"30":113.6,"31":115.4,"32":115.8,"33":106.0,"34":104.0,"35":100.6,"36":99.6,"37":98.2,"38":96.8,"39":96.0,"40":96.6,"41":97.2,"42":96.35,"43":95.0,"44":91.4,"45":90.8,"46":89.4,"47":87.8,"48":94.0,"49":92.0,"50":87.6,"51":89.8,"52":91.6,"53":91.8,"54":92.4,"55":90.574,"56":89.0,"57":90.4,"58":86.8,"59":86.8,"60":84.0,"61":82.8,"62":83.6,"63":82.4,"64":78.948,"65":77.0,"66":75.4,"67":76.0,"68":72.0,"69":69.2,"70":74.4,"71":76.576,"72":73.2,"73":72.0,"74":66.2,"75":68.4,"76":69.8,"77":70.0,"78":67.3,"79":64.2,"80":69.6,"81":71.7,"82":71.4,"83":72.0,"84":73.8,"85":73.776},"l":{"0":99.8,"1":96.2,"2":100.8,"3":102.6,"4":98.2,"5":93.8,"6":96.6,"7":88.0,"8":90.2,"9":93.0,"10":95.0,"11":94.6,"12":94.6,"13":97.6,"14":98.8,"15":100.6,"16":103.6,"17":103.2,"18":102.2,"19":102.0,"20":102.0,"21":99.0,"22":94.2,"23":92.0,"24":93.4,"25":100.6,"26":101.6,"27":103.8,"28":105.8,"29":111.3,"30":112.6,"31":112.0,"32":103.8,"33":103.6,"34":99.0,"35":95.2,"36":97.2,"37":95.4,"38":91.4,"39":93.2,"40":95.4,"41":92.8,"42":93.4,"43":93.6,"44":82.2,"45":86.0,"46":86.8,"47":87.2,"48":87.4,"49":86.5,"50":85.4,"51":85.0,"52":86.8,"53":90.2,"54":89.0,"55":87.6,"56":87.8,"57":85.0,"58":82.2,"59":84.4,"60":80.8,"61":78.6,"62":81.8,"63":78.4,"64":74.6,"65":75.8,"66":73.8,"67":71.008,"68":68.4,"69":67.6,"70":72.0,"71":71.8,"72":70.0,"73":71.0,"74":62.6,"75":63.6,"76":67.0,"77":66.0,"78":63.9,"79":62.4,"80":67.8,"81":67.6,"82":67.6,"83":71.0,"84":72.0,"85":68.5},"t":{"0":1648010700000,"1":1648033200000,"2":1648055700000,"3":1648078200000,"4":1648100700000,"5":1648123200000,"6":1648145700000,"7":1648190700000,"8":1648213200000,"9":1648235700000,"10":1648438200000,"11":1648460700000,"12":1648483200000,"13":1648505700000,"14":1648528200000,"15":1648550700000,"16":1648573200000,"17":1648595700000,"18":1648618200000,"19":1648640700000,"20":1648663200000,"21":1648708200000,"22":1648730700000,"23":1648753200000,"24":1648798200000,"25":1648820700000,"26":1648843200000,"27":1649045700000,"28":1649068200000,"29":1649090700000,"30":1649113200000,"31":1649135700000,"32":1649158200000,"33":1649180700000,"34":1649225700000,"35":1649248200000,"36":1649270700000,"37":1649315700000,"38":1649338200000,"39":1649360700000,"40":1649383200000,"41":1649405700000,"42":1649428200000,"43":1649450700000,"44":1649653200000,"45":1649675700000,"46":1649698200000,"47":1649720700000,"48":1649743200000,"49":1649765700000,"50":1649788200000,"51":1649833200000,"52":1649855700000,"53":1649878200000,"54":1649923200000,"55":1649945700000,"56":1649968200000,"57":1650260700000,"58":1650283200000,"59":1650305700000,"60":1650350700000,"61":1650373200000,"62":1650395700000,"63":1650440700000,"64":1650463200000,"65":1650485700000,"66":1650508200000,"67":1650530700000,"68":1650553200000,"69":1650575700000,"70":1650598200000,"71":1650620700000,"72":1650643200000,"73":1650665700000,"74":1650868200000,"75":1650890700000,"76":1650913200000,"77":1650958200000,"78":1650980700000,"79":1651003200000,"80":1651025700000,"81":1651048200000,"82":1651070700000,"83":1651093200000,"84":1651115700000,"85":1651138200000},"n":{"0":1145,"1":21105,"2":8568,"3":38,"4":1124,"5":23849,"6":5413,"7":2485,"8":16370,"9":1974,"10":414,"11":10472,"12":5692,"13":89,"14":460,"15":16606,"16":6575,"17":57,"18":708,"19":12841,"20":4825,"21":1112,"22":16663,"23":4243,"24":8482,